instant,dteday,season,yr,mnth,holiday,weekday,workingday,weathersit,temp,atemp,delta temp,> avg temp,hum,windspeed,casual,registered,cnt,Casual Percent,Casual > 30%
1,1/1/11,1,0,1,0,6,0,2,0.344167,0.363625,-0.019458,FALSE,0.805833,0.160446,331,654,985,0.336040609,TRUE
2,1/2/11,1,0,1,0,0,0,2,0.363478,0.353739,0.009739,TRUE,0.696087,0.248539,131,670,801,0.163545568,FALSE
3,1/3/11,1,0,1,0,1,1,1,0.196364,0.189405,0.006959,TRUE,0.437273,0.248309,120,1229,1349,0.088954781,FALSE
4,1/4/11,1,0,1,0,2,1,1,0.2,0.212122,-0.012122,FALSE,0.590435,0.160296,108,1454,1562,0.069142125,FALSE
5,1/5/11,1,0,1,0,3,1,1,0.226957,0.22927,-0.002313,FALSE,0.436957,0.1869,82,1518,1600,0.05125,FALSE
6,1/6/11,1,0,1,0,4,1,1,0.204348,0.233209,-0.028861,FALSE,0.518261,0.0895652,88,1518,1606,0.054794521,FALSE
7,1/7/11,1,0,1,0,5,1,2,0.196522,0.208839,-0.012317,FALSE,0.498696,0.168726,148,1362,1510,0.098013245,FALSE
8,1/8/11,1,0,1,0,6,0,2,0.165,0.162254,0.002746,TRUE,0.535833,0.266804,68,891,959,0.070907195,FALSE
9,1/9/11,1,0,1,0,0,0,1,0.138333,0.116175,0.022158,TRUE,0.434167,0.36195,54,768,822,0.065693431,FALSE
10,1/10/11,1,0,1,0,1,1,1,0.150833,0.150888,-5.5E-05,FALSE,0.482917,0.223267,41,1280,1321,0.031037093,FALSE
11,1/11/11,1,0,1,0,2,1,2,0.169091,0.191464,-0.022373,FALSE,0.686364,0.122132,43,1220,1263,0.034045922,FALSE
12,1/12/11,1,0,1,0,3,1,1,0.172727,0.160473,0.012254,TRUE,0.599545,0.304627,25,1137,1162,0.02151463,FALSE
13,1/13/11,1,0,1,0,4,1,1,0.165,0.150883,0.014117,TRUE,0.470417,0.301,38,1368,1406,0.027027027,FALSE
14,1/14/11,1,0,1,0,5,1,1,0.16087,0.188413,-0.027543,FALSE,0.537826,0.126548,54,1367,1421,0.038001407,FALSE
15,1/15/11,1,0,1,0,6,0,2,0.233333,0.248112,-0.014779,FALSE,0.49875,0.157963,222,1026,1248,0.177884615,FALSE
16,1/16/11,1,0,1,0,0,0,1,0.231667,0.234217,-0.00255,FALSE,0.48375,0.188433,251,953,1204,0.208471761,FALSE
17,1/17/11,1,0,1,1,1,0,2,0.175833,0.176771,-0.000938,FALSE,0.5375,0.194017,117,883,1000,0.117,FALSE
18,1/18/11,1,0,1,0,2,1,2,0.216667,0.232333,-0.015666,FALSE,0.861667,0.146775,9,674,683,0.01317716,FALSE
19,1/19/11,1,0,1,0,3,1,2,0.292174,0.298422,-0.006248,FALSE,0.741739,0.208317,78,1572,1650,0.047272727,FALSE
20,1/20/11,1,0,1,0,4,1,2,0.261667,0.25505,0.006617,TRUE,0.538333,0.195904,83,1844,1927,0.043072133,FALSE
21,1/21/11,1,0,1,0,5,1,1,0.1775,0.157833,0.019667,TRUE,0.457083,0.353242,75,1468,1543,0.04860661,FALSE
22,1/22/11,1,0,1,0,6,0,1,0.0591304,0.0790696,-0.0199392,FALSE,0.4,0.17197,93,888,981,0.094801223,FALSE
23,1/23/11,1,0,1,0,0,0,1,0.0965217,0.0988391,-0.0023174,FALSE,0.436522,0.2466,150,836,986,0.152129817,FALSE
24,1/24/11,1,0,1,0,1,1,1,0.0973913,0.11793,-0.0205387,FALSE,0.491739,0.15833,86,1330,1416,0.060734463,FALSE
25,1/25/11,1,0,1,0,2,1,2,0.223478,0.234526,-0.011048,FALSE,0.616957,0.129796,186,1799,1985,0.093702771,FALSE
26,1/26/11,1,0,1,0,3,1,3,0.2175,0.2036,0.0139,TRUE,0.8625,0.29385,34,472,506,0.067193676,FALSE
27,1/27/11,1,0,1,0,4,1,1,0.195,0.2197,-0.0247,FALSE,0.6875,0.113837,15,416,431,0.034802784,FALSE
28,1/28/11,1,0,1,0,5,1,2,0.203478,0.223317,-0.019839,FALSE,0.793043,0.1233,38,1129,1167,0.032562125,FALSE
29,1/29/11,1,0,1,0,6,0,1,0.196522,0.212126,-0.015604,FALSE,0.651739,0.145365,123,975,1098,0.112021858,FALSE
30,1/30/11,1,0,1,0,0,0,1,0.216522,0.250322,-0.0338,FALSE,0.722174,0.0739826,140,956,1096,0.127737226,FALSE
31,1/31/11,1,0,1,0,1,1,2,0.180833,0.18625,-0.005417,FALSE,0.60375,0.187192,42,1459,1501,0.027981346,FALSE
32,2/1/11,1,0,2,0,2,1,2,0.192174,0.23453,-0.042356,FALSE,0.829565,0.053213,47,1313,1360,0.034558824,FALSE
33,2/2/11,1,0,2,0,3,1,2,0.26,0.254417,0.005583,TRUE,0.775417,0.264308,72,1454,1526,0.047182176,FALSE
34,2/3/11,1,0,2,0,4,1,1,0.186957,0.177878,0.009079,TRUE,0.437826,0.277752,61,1489,1550,0.039354839,FALSE
35,2/4/11,1,0,2,0,5,1,2,0.211304,0.228587,-0.017283,FALSE,0.585217,0.127839,88,1620,1708,0.051522248,FALSE
36,2/5/11,1,0,2,0,6,0,2,0.233333,0.243058,-0.009725,FALSE,0.929167,0.161079,100,905,1005,0.099502488,FALSE
37,2/6/11,1,0,2,0,0,0,1,0.285833,0.291671,-0.005838,FALSE,0.568333,0.1418,354,1269,1623,0.218114603,FALSE
38,2/7/11,1,0,2,0,1,1,1,0.271667,0.303658,-0.031991,FALSE,0.738333,0.0454083,120,1592,1712,0.070093458,FALSE
39,2/8/11,1,0,2,0,2,1,1,0.220833,0.198246,0.022587,TRUE,0.537917,0.36195,64,1466,1530,0.041830065,FALSE
40,2/9/11,1,0,2,0,3,1,2,0.134783,0.144283,-0.0095,FALSE,0.494783,0.188839,53,1552,1605,0.033021807,FALSE
41,2/10/11,1,0,2,0,4,1,1,0.144348,0.149548,-0.0052,FALSE,0.437391,0.221935,47,1491,1538,0.030559168,FALSE
42,2/11/11,1,0,2,0,5,1,1,0.189091,0.213509,-0.024418,FALSE,0.506364,0.10855,149,1597,1746,0.085337915,FALSE
43,2/12/11,1,0,2,0,6,0,1,0.2225,0.232954,-0.010454,FALSE,0.544167,0.203367,288,1184,1472,0.195652174,FALSE
44,2/13/11,1,0,2,0,0,0,1,0.316522,0.324113,-0.007591,FALSE,0.457391,0.260883,397,1192,1589,0.249842668,FALSE
45,2/14/11,1,0,2,0,1,1,1,0.415,0.39835,0.01665,TRUE,0.375833,0.417908,208,1705,1913,0.108729744,FALSE
46,2/15/11,1,0,2,0,2,1,1,0.266087,0.254274,0.011813,TRUE,0.314348,0.291374,140,1675,1815,0.077134986,FALSE
47,2/16/11,1,0,2,0,3,1,1,0.318261,0.3162,0.002061,TRUE,0.423478,0.251791,218,1897,2115,0.103073286,FALSE
48,2/17/11,1,0,2,0,4,1,1,0.435833,0.428658,0.007175,TRUE,0.505,0.230104,259,2216,2475,0.104646465,FALSE
49,2/18/11,1,0,2,0,5,1,1,0.521667,0.511983,0.009684,TRUE,0.516667,0.264925,579,2348,2927,0.197813461,FALSE
50,2/19/11,1,0,2,0,6,0,1,0.399167,0.391404,0.007763,TRUE,0.187917,0.507463,532,1103,1635,0.325382263,TRUE
51,2/20/11,1,0,2,0,0,0,1,0.285217,0.27733,0.007887,TRUE,0.407826,0.223235,639,1173,1812,0.352649007,TRUE
52,2/21/11,1,0,2,1,1,0,2,0.303333,0.284075,0.019258,TRUE,0.605,0.307846,195,912,1107,0.176151762,FALSE
53,2/22/11,1,0,2,0,2,1,1,0.182222,0.186033,-0.003811,FALSE,0.577778,0.195683,74,1376,1450,0.051034483,FALSE
54,2/23/11,1,0,2,0,3,1,1,0.221739,0.245717,-0.023978,FALSE,0.423043,0.094113,139,1778,1917,0.072509129,FALSE
55,2/24/11,1,0,2,0,4,1,2,0.295652,0.289191,0.006461,TRUE,0.697391,0.250496,100,1707,1807,0.055340343,FALSE
56,2/25/11,1,0,2,0,5,1,2,0.364348,0.350461,0.013887,TRUE,0.712174,0.346539,120,1341,1461,0.082135524,FALSE
57,2/26/11,1,0,2,0,6,0,1,0.2825,0.282192,0.000308,TRUE,0.537917,0.186571,424,1545,1969,0.215337735,FALSE
58,2/27/11,1,0,2,0,0,0,1,0.343478,0.351109,-0.007631,FALSE,0.68,0.125248,694,1708,2402,0.288925895,FALSE
59,2/28/11,1,0,2,0,1,1,2,0.407273,0.400118,0.007155,TRUE,0.876364,0.289686,81,1365,1446,0.056016598,FALSE
60,3/1/11,1,0,3,0,2,1,1,0.266667,0.263879,0.002788,TRUE,0.535,0.216425,137,1714,1851,0.074014046,FALSE
61,3/2/11,1,0,3,0,3,1,1,0.335,0.320071,0.014929,TRUE,0.449583,0.307833,231,1903,2134,0.108247423,FALSE
62,3/3/11,1,0,3,0,4,1,1,0.198333,0.200133,-0.0018,FALSE,0.318333,0.225754,123,1562,1685,0.072997033,FALSE
63,3/4/11,1,0,3,0,5,1,2,0.261667,0.255679,0.005988,TRUE,0.610417,0.203346,214,1730,1944,0.110082305,FALSE
64,3/5/11,1,0,3,0,6,0,2,0.384167,0.378779,0.005388,TRUE,0.789167,0.251871,640,1437,2077,0.308136736,TRUE
65,3/6/11,1,0,3,0,0,0,2,0.376522,0.366252,0.01027,TRUE,0.948261,0.343287,114,491,605,0.188429752,FALSE
66,3/7/11,1,0,3,0,1,1,1,0.261739,0.238461,0.023278,TRUE,0.551304,0.341352,244,1628,1872,0.13034188,FALSE
67,3/8/11,1,0,3,0,2,1,1,0.2925,0.3024,-0.0099,FALSE,0.420833,0.12065,316,1817,2133,0.148148148,FALSE
68,3/9/11,1,0,3,0,3,1,2,0.295833,0.286608,0.009225,TRUE,0.775417,0.22015,191,1700,1891,0.101004759,FALSE
69,3/10/11,1,0,3,0,4,1,3,0.389091,0.385668,0.003423,TRUE,0,0.261877,46,577,623,0.073836276,FALSE
70,3/11/11,1,0,3,0,5,1,2,0.316522,0.305,0.011522,TRUE,0.649565,0.23297,247,1730,1977,0.124936773,FALSE
71,3/12/11,1,0,3,0,6,0,1,0.329167,0.32575,0.003417,TRUE,0.594583,0.220775,724,1408,2132,0.339587242,TRUE
72,3/13/11,1,0,3,0,0,0,1,0.384348,0.380091,0.004257,TRUE,0.527391,0.270604,982,1435,2417,0.406288788,TRUE
73,3/14/11,1,0,3,0,1,1,1,0.325217,0.332,-0.006783,FALSE,0.496957,0.136926,359,1687,2046,0.175464321,FALSE
74,3/15/11,1,0,3,0,2,1,2,0.317391,0.318178,-0.000787,FALSE,0.655652,0.184309,289,1767,2056,0.140564202,FALSE
75,3/16/11,1,0,3,0,3,1,2,0.365217,0.36693,-0.001713,FALSE,0.776522,0.203117,321,1871,2192,0.146441606,FALSE
76,3/17/11,1,0,3,0,4,1,1,0.415,0.410333,0.004667,TRUE,0.602917,0.209579,424,2320,2744,0.15451895,FALSE
77,3/18/11,1,0,3,0,5,1,1,0.54,0.527009,0.012991,TRUE,0.525217,0.231017,884,2355,3239,0.272923742,FALSE
78,3/19/11,1,0,3,0,6,0,1,0.4725,0.466525,0.005975,TRUE,0.379167,0.368167,1424,1693,3117,0.456849535,TRUE
79,3/20/11,1,0,3,0,0,0,1,0.3325,0.32575,0.00675,TRUE,0.47375,0.207721,1047,1424,2471,0.423715095,TRUE
80,3/21/11,2,0,3,0,1,1,2,0.430435,0.409735,0.0207,TRUE,0.737391,0.288783,401,1676,2077,0.193066923,FALSE
81,3/22/11,2,0,3,0,2,1,1,0.441667,0.440642,0.001025,TRUE,0.624583,0.22575,460,2243,2703,0.17018128,FALSE
82,3/23/11,2,0,3,0,3,1,2,0.346957,0.337939,0.009018,TRUE,0.839565,0.234261,203,1918,2121,0.095709571,FALSE
83,3/24/11,2,0,3,0,4,1,2,0.285,0.270833,0.014167,TRUE,0.805833,0.243787,166,1699,1865,0.089008043,FALSE
84,3/25/11,2,0,3,0,5,1,1,0.264167,0.256312,0.007855,TRUE,0.495,0.230725,300,1910,2210,0.135746606,FALSE
85,3/26/11,2,0,3,0,6,0,1,0.265833,0.257571,0.008262,TRUE,0.394167,0.209571,981,1515,2496,0.393028846,TRUE
86,3/27/11,2,0,3,0,0,0,2,0.253043,0.250339,0.002704,TRUE,0.493913,0.1843,472,1221,1693,0.278795038,FALSE
87,3/28/11,2,0,3,0,1,1,1,0.264348,0.257574,0.006774,TRUE,0.302174,0.212204,222,1806,2028,0.109467456,FALSE
88,3/29/11,2,0,3,0,2,1,1,0.3025,0.292908,0.009592,TRUE,0.314167,0.226996,317,2108,2425,0.130721649,FALSE
89,3/30/11,2,0,3,0,3,1,2,0.3,0.29735,0.00265,TRUE,0.646667,0.172888,168,1368,1536,0.109375,FALSE
90,3/31/11,2,0,3,0,4,1,3,0.268333,0.257575,0.010758,TRUE,0.918333,0.217646,179,1506,1685,0.106231454,FALSE
91,4/1/11,2,0,4,0,5,1,2,0.3,0.283454,0.016546,TRUE,0.68625,0.258708,307,1920,2227,0.137853615,FALSE
92,4/2/11,2,0,4,0,6,0,2,0.315,0.315637,-0.000637,FALSE,0.65375,0.197146,898,1354,2252,0.398756661,TRUE
93,4/3/11,2,0,4,0,0,0,1,0.378333,0.378767,-0.000434,FALSE,0.48,0.182213,1651,1598,3249,0.508156356,TRUE
94,4/4/11,2,0,4,0,1,1,1,0.573333,0.542929,0.030404,TRUE,0.42625,0.385571,734,2381,3115,0.235634029,FALSE
95,4/5/11,2,0,4,0,2,1,2,0.414167,0.39835,0.015817,TRUE,0.642083,0.388067,167,1628,1795,0.093036212,FALSE
96,4/6/11,2,0,4,0,3,1,1,0.390833,0.387608,0.003225,TRUE,0.470833,0.263063,413,2395,2808,0.147079772,FALSE
97,4/7/11,2,0,4,0,4,1,1,0.4375,0.433696,0.003804,TRUE,0.602917,0.162312,571,2570,3141,0.181789239,FALSE
98,4/8/11,2,0,4,0,5,1,2,0.335833,0.324479,0.011354,TRUE,0.83625,0.226992,172,1299,1471,0.11692726,FALSE
99,4/9/11,2,0,4,0,6,0,2,0.3425,0.341529,0.000971,TRUE,0.8775,0.133083,879,1576,2455,0.358044807,TRUE
100,4/10/11,2,0,4,0,0,0,2,0.426667,0.426737,-7E-05,FALSE,0.8575,0.146767,1188,1707,2895,0.410362694,TRUE
101,4/11/11,2,0,4,0,1,1,2,0.595652,0.565217,0.030435,TRUE,0.716956,0.324474,855,2493,3348,0.255376344,FALSE
102,4/12/11,2,0,4,0,2,1,2,0.5025,0.493054,0.009446,TRUE,0.739167,0.274879,257,1777,2034,0.126352016,FALSE
103,4/13/11,2,0,4,0,3,1,2,0.4125,0.417283,-0.004783,FALSE,0.819167,0.250617,209,1953,2162,0.09666975,FALSE
104,4/14/11,2,0,4,0,4,1,1,0.4675,0.462742,0.004758,TRUE,0.540417,0.1107,529,2738,3267,0.161922253,FALSE
105,4/15/11,2,0,4,1,5,0,1,0.446667,0.441913,0.004754,TRUE,0.67125,0.226375,642,2484,3126,0.20537428,FALSE
106,4/16/11,2,0,4,0,6,0,3,0.430833,0.425492,0.005341,TRUE,0.888333,0.340808,121,674,795,0.152201258,FALSE
107,4/17/11,2,0,4,0,0,0,1,0.456667,0.445696,0.010971,TRUE,0.479583,0.303496,1558,2186,3744,0.416132479,TRUE
108,4/18/11,2,0,4,0,1,1,1,0.5125,0.503146,0.009354,TRUE,0.5425,0.163567,669,2760,3429,0.195100612,FALSE
109,4/19/11,2,0,4,0,2,1,2,0.505833,0.489258,0.016575,TRUE,0.665833,0.157971,409,2795,3204,0.127652934,FALSE
110,4/20/11,2,0,4,0,3,1,1,0.595,0.564392,0.030608,TRUE,0.614167,0.241925,613,3331,3944,0.155425963,FALSE
111,4/21/11,2,0,4,0,4,1,1,0.459167,0.453892,0.005275,TRUE,0.407083,0.325258,745,3444,4189,0.177846741,FALSE
112,4/22/11,2,0,4,0,5,1,2,0.336667,0.321954,0.014713,TRUE,0.729583,0.219521,177,1506,1683,0.10516934,FALSE
113,4/23/11,2,0,4,0,6,0,2,0.46,0.450121,0.009879,TRUE,0.887917,0.230725,1462,2574,4036,0.362239841,TRUE
114,4/24/11,2,0,4,0,0,0,2,0.581667,0.551763,0.029904,TRUE,0.810833,0.192175,1710,2481,4191,0.40801718,TRUE
115,4/25/11,2,0,4,0,1,1,1,0.606667,0.5745,0.032167,TRUE,0.776667,0.185333,773,3300,4073,0.189786398,FALSE
116,4/26/11,2,0,4,0,2,1,1,0.631667,0.594083,0.037584,TRUE,0.729167,0.3265,678,3722,4400,0.154090909,FALSE
117,4/27/11,2,0,4,0,3,1,2,0.62,0.575142,0.044858,TRUE,0.835417,0.3122,547,3325,3872,0.141270661,FALSE
118,4/28/11,2,0,4,0,4,1,2,0.6175,0.578929,0.038571,TRUE,0.700833,0.320908,569,3489,4058,0.140216856,FALSE
119,4/29/11,2,0,4,0,5,1,1,0.51,0.497463,0.012537,TRUE,0.457083,0.240063,878,3717,4595,0.191077258,FALSE
120,4/30/11,2,0,4,0,6,0,1,0.4725,0.464021,0.008479,TRUE,0.503333,0.235075,1965,3347,5312,0.369917169,TRUE
121,5/1/11,2,0,5,0,0,0,2,0.451667,0.448204,0.003463,TRUE,0.762083,0.106354,1138,2213,3351,0.339600119,TRUE
122,5/2/11,2,0,5,0,1,1,2,0.549167,0.532833,0.016334,TRUE,0.73,0.183454,847,3554,4401,0.19245626,FALSE
123,5/3/11,2,0,5,0,2,1,2,0.616667,0.582079,0.034588,TRUE,0.697083,0.342667,603,3848,4451,0.135475174,FALSE
124,5/4/11,2,0,5,0,3,1,2,0.414167,0.40465,0.009517,TRUE,0.737083,0.328996,255,2378,2633,0.096847702,FALSE
125,5/5/11,2,0,5,0,4,1,1,0.459167,0.441917,0.01725,TRUE,0.444167,0.295392,614,3819,4433,0.138506655,FALSE
126,5/6/11,2,0,5,0,5,1,1,0.479167,0.474117,0.00505,TRUE,0.59,0.228246,894,3714,4608,0.194010417,FALSE
127,5/7/11,2,0,5,0,6,0,1,0.52,0.512621,0.007379,TRUE,0.54125,0.16045,1612,3102,4714,0.341960119,TRUE
128,5/8/11,2,0,5,0,0,0,1,0.528333,0.518933,0.0094,TRUE,0.631667,0.0746375,1401,2932,4333,0.323332564,TRUE
129,5/9/11,2,0,5,0,1,1,1,0.5325,0.525246,0.007254,TRUE,0.58875,0.176,664,3698,4362,0.152223751,FALSE
130,5/10/11,2,0,5,0,2,1,1,0.5325,0.522721,0.009779,TRUE,0.489167,0.115671,694,4109,4803,0.144493025,FALSE
131,5/11/11,2,0,5,0,3,1,1,0.5425,0.5284,0.0141,TRUE,0.632917,0.120642,550,3632,4182,0.131516021,FALSE
132,5/12/11,2,0,5,0,4,1,1,0.535,0.523363,0.011637,TRUE,0.7475,0.189667,695,4169,4864,0.142886513,FALSE
133,5/13/11,2,0,5,0,5,1,2,0.5125,0.4943,0.0182,TRUE,0.863333,0.179725,692,3413,4105,0.168574909,FALSE
134,5/14/11,2,0,5,0,6,0,2,0.520833,0.500629,0.020204,TRUE,0.9225,0.13495,902,2507,3409,0.264593722,FALSE
135,5/15/11,2,0,5,0,0,0,2,0.5625,0.536,0.0265,TRUE,0.867083,0.152979,1582,2971,4553,0.347463211,TRUE
136,5/16/11,2,0,5,0,1,1,1,0.5775,0.550512,0.026988,TRUE,0.787917,0.126871,773,3185,3958,0.195300657,FALSE
137,5/17/11,2,0,5,0,2,1,2,0.561667,0.538529,0.023138,TRUE,0.837917,0.277354,678,3445,4123,0.164443366,FALSE
138,5/18/11,2,0,5,0,3,1,2,0.55,0.527158,0.022842,TRUE,0.87,0.201492,536,3319,3855,0.139040208,FALSE
139,5/19/11,2,0,5,0,4,1,2,0.530833,0.510742,0.020091,TRUE,0.829583,0.108213,735,3840,4575,0.160655738,FALSE
140,5/20/11,2,0,5,0,5,1,1,0.536667,0.529042,0.007625,TRUE,0.719583,0.125013,909,4008,4917,0.184868822,FALSE
141,5/21/11,2,0,5,0,6,0,1,0.6025,0.571975,0.030525,TRUE,0.626667,0.12065,2258,3547,5805,0.388975022,TRUE
142,5/22/11,2,0,5,0,0,0,1,0.604167,0.5745,0.029667,TRUE,0.749583,0.148008,1576,3084,4660,0.338197425,TRUE
143,5/23/11,2,0,5,0,1,1,2,0.631667,0.590296,0.041371,TRUE,0.81,0.233842,836,3438,4274,0.19560131,FALSE
144,5/24/11,2,0,5,0,2,1,2,0.66,0.604813,0.055187,TRUE,0.740833,0.207092,659,3833,4492,0.146705254,FALSE
145,5/25/11,2,0,5,0,3,1,1,0.660833,0.615542,0.045291,TRUE,0.69625,0.154233,740,4238,4978,0.148654078,FALSE
146,5/26/11,2,0,5,0,4,1,1,0.708333,0.654688,0.053645,TRUE,0.6775,0.199642,758,3919,4677,0.162069703,FALSE
147,5/27/11,2,0,5,0,5,1,1,0.681667,0.637008,0.044659,TRUE,0.65375,0.240679,871,3808,4679,0.186150887,FALSE
148,5/28/11,2,0,5,0,6,0,1,0.655833,0.612379,0.043454,TRUE,0.729583,0.230092,2001,2757,4758,0.420554855,TRUE
149,5/29/11,2,0,5,0,0,0,1,0.6675,0.61555,0.05195,TRUE,0.81875,0.213938,2355,2433,4788,0.491854637,TRUE
150,5/30/11,2,0,5,1,1,0,1,0.733333,0.671092,0.062241,TRUE,0.685,0.131225,1549,2549,4098,0.377989263,TRUE
151,5/31/11,2,0,5,0,2,1,1,0.775,0.725383,0.049617,TRUE,0.636667,0.111329,673,3309,3982,0.169010547,FALSE
152,6/1/11,2,0,6,0,3,1,2,0.764167,0.720967,0.0432,TRUE,0.677083,0.207092,513,3461,3974,0.129089079,FALSE
153,6/2/11,2,0,6,0,4,1,1,0.715,0.643942,0.071058,TRUE,0.305,0.292287,736,4232,4968,0.148148148,FALSE
154,6/3/11,2,0,6,0,5,1,1,0.62,0.587133,0.032867,TRUE,0.354167,0.253121,898,4414,5312,0.169051205,FALSE
155,6/4/11,2,0,6,0,6,0,1,0.635,0.594696,0.040304,TRUE,0.45625,0.123142,1869,3473,5342,0.349868963,TRUE
156,6/5/11,2,0,6,0,0,0,2,0.648333,0.616804,0.031529,TRUE,0.6525,0.138692,1685,3221,4906,0.343456991,TRUE
157,6/6/11,2,0,6,0,1,1,1,0.678333,0.621858,0.056475,TRUE,0.6,0.121896,673,3875,4548,0.147977133,FALSE
158,6/7/11,2,0,6,0,2,1,1,0.7075,0.65595,0.05155,TRUE,0.597917,0.187808,763,4070,4833,0.157872957,FALSE
159,6/8/11,2,0,6,0,3,1,1,0.775833,0.727279,0.048554,TRUE,0.622083,0.136817,676,3725,4401,0.153601454,FALSE
160,6/9/11,2,0,6,0,4,1,2,0.808333,0.757579,0.050754,TRUE,0.568333,0.149883,563,3352,3915,0.143805875,FALSE
161,6/10/11,2,0,6,0,5,1,1,0.755,0.703292,0.051708,TRUE,0.605,0.140554,815,3771,4586,0.177714784,FALSE
162,6/11/11,2,0,6,0,6,0,1,0.725,0.678038,0.046962,TRUE,0.654583,0.15485,1729,3237,4966,0.348167539,TRUE
163,6/12/11,2,0,6,0,0,0,1,0.6925,0.643325,0.049175,TRUE,0.747917,0.163567,1467,2993,4460,0.328923767,TRUE
164,6/13/11,2,0,6,0,1,1,1,0.635,0.601654,0.033346,TRUE,0.494583,0.30535,863,4157,5020,0.171912351,FALSE
165,6/14/11,2,0,6,0,2,1,1,0.604167,0.591546,0.012621,TRUE,0.507083,0.269283,727,4164,4891,0.14864036,FALSE
166,6/15/11,2,0,6,0,3,1,1,0.626667,0.587754,0.038913,TRUE,0.471667,0.167912,769,4411,5180,0.148455598,FALSE
167,6/16/11,2,0,6,0,4,1,2,0.628333,0.595346,0.032987,TRUE,0.688333,0.206471,545,3222,3767,0.144677462,FALSE
168,6/17/11,2,0,6,0,5,1,1,0.649167,0.600383,0.048784,TRUE,0.735833,0.143029,863,3981,4844,0.178158547,FALSE
169,6/18/11,2,0,6,0,6,0,1,0.696667,0.643954,0.052713,TRUE,0.670417,0.119408,1807,3312,5119,0.352998633,TRUE
170,6/19/11,2,0,6,0,0,0,2,0.699167,0.645846,0.053321,TRUE,0.666667,0.102,1639,3105,4744,0.345489039,TRUE
171,6/20/11,2,0,6,0,1,1,2,0.635,0.595346,0.039654,TRUE,0.74625,0.155475,699,3311,4010,0.174314214,FALSE
172,6/21/11,3,0,6,0,2,1,2,0.680833,0.637646,0.043187,TRUE,0.770417,0.171025,774,4061,4835,0.16008273,FALSE
173,6/22/11,3,0,6,0,3,1,1,0.733333,0.693829,0.039504,TRUE,0.7075,0.172262,661,3846,4507,0.14666075,FALSE
174,6/23/11,3,0,6,0,4,1,2,0.728333,0.693833,0.0345,TRUE,0.703333,0.238804,746,4044,4790,0.155741127,FALSE
175,6/24/11,3,0,6,0,5,1,1,0.724167,0.656583,0.067584,TRUE,0.573333,0.222025,969,4022,4991,0.194149469,FALSE
176,6/25/11,3,0,6,0,6,0,1,0.695,0.643313,0.051687,TRUE,0.483333,0.209571,1782,3420,5202,0.342560554,TRUE
177,6/26/11,3,0,6,0,0,0,1,0.68,0.637629,0.042371,TRUE,0.513333,0.0945333,1920,3385,5305,0.361922714,TRUE
178,6/27/11,3,0,6,0,1,1,2,0.6825,0.637004,0.045496,TRUE,0.658333,0.107588,854,3854,4708,0.181393373,FALSE
179,6/28/11,3,0,6,0,2,1,1,0.744167,0.692558,0.051609,TRUE,0.634167,0.144283,732,3916,4648,0.157487091,FALSE
180,6/29/11,3,0,6,0,3,1,1,0.728333,0.654688,0.073645,TRUE,0.497917,0.261821,848,4377,5225,0.162296651,FALSE
181,6/30/11,3,0,6,0,4,1,1,0.696667,0.637008,0.059659,TRUE,0.434167,0.185312,1027,4488,5515,0.186219402,FALSE
182,7/1/11,3,0,7,0,5,1,1,0.7225,0.652162,0.070338,TRUE,0.39625,0.102608,1246,4116,5362,0.232375979,FALSE
183,7/2/11,3,0,7,0,6,0,1,0.738333,0.667308,0.071025,TRUE,0.444583,0.115062,2204,2915,5119,0.430552842,TRUE
184,7/3/11,3,0,7,0,0,0,2,0.716667,0.668575,0.048092,TRUE,0.6825,0.228858,2282,2367,4649,0.490858249,TRUE
185,7/4/11,3,0,7,1,1,0,2,0.726667,0.665417,0.06125,TRUE,0.637917,0.0814792,3065,2978,6043,0.507198411,TRUE
186,7/5/11,3,0,7,0,2,1,1,0.746667,0.696338,0.050329,TRUE,0.590417,0.126258,1031,3634,4665,0.221007503,FALSE
187,7/6/11,3,0,7,0,3,1,1,0.72,0.685633,0.034367,TRUE,0.743333,0.149883,784,3845,4629,0.169367034,FALSE
188,7/7/11,3,0,7,0,4,1,1,0.75,0.686871,0.063129,TRUE,0.65125,0.1592,754,3838,4592,0.164198606,FALSE
189,7/8/11,3,0,7,0,5,1,2,0.709167,0.670483,0.038684,TRUE,0.757917,0.225129,692,3348,4040,0.171287129,FALSE
190,7/9/11,3,0,7,0,6,0,1,0.733333,0.664158,0.069175,TRUE,0.609167,0.167912,1988,3348,5336,0.372563718,TRUE
191,7/10/11,3,0,7,0,0,0,1,0.7475,0.690025,0.057475,TRUE,0.578333,0.183471,1743,3138,4881,0.357098955,TRUE
192,7/11/11,3,0,7,0,1,1,1,0.7625,0.729804,0.032696,TRUE,0.635833,0.282337,723,3363,4086,0.176945668,FALSE
193,7/12/11,3,0,7,0,2,1,1,0.794167,0.739275,0.054892,TRUE,0.559167,0.200254,662,3596,4258,0.155472053,FALSE
194,7/13/11,3,0,7,0,3,1,1,0.746667,0.689404,0.057263,TRUE,0.631667,0.146133,748,3594,4342,0.172270843,FALSE
195,7/14/11,3,0,7,0,4,1,1,0.680833,0.635104,0.045729,TRUE,0.47625,0.240667,888,4196,5084,0.174665618,FALSE
196,7/15/11,3,0,7,0,5,1,1,0.663333,0.624371,0.038962,TRUE,0.59125,0.182833,1318,4220,5538,0.237992055,FALSE
197,7/16/11,3,0,7,0,6,0,1,0.686667,0.638263,0.048404,TRUE,0.585,0.208342,2418,3505,5923,0.408239068,TRUE
198,7/17/11,3,0,7,0,0,0,1,0.719167,0.669833,0.049334,TRUE,0.604167,0.245033,2006,3296,5302,0.378347793,TRUE
199,7/18/11,3,0,7,0,1,1,1,0.746667,0.703925,0.042742,TRUE,0.65125,0.215804,841,3617,4458,0.188649619,FALSE
200,7/19/11,3,0,7,0,2,1,1,0.776667,0.747479,0.029188,TRUE,0.650417,0.1306,752,3789,4541,0.16560229,FALSE
201,7/20/11,3,0,7,0,3,1,1,0.768333,0.74685,0.021483,TRUE,0.707083,0.113817,644,3688,4332,0.148661127,FALSE
202,7/21/11,3,0,7,0,4,1,2,0.815,0.826371,-0.011371,FALSE,0.69125,0.222021,632,3152,3784,0.167019027,FALSE
203,7/22/11,3,0,7,0,5,1,1,0.848333,0.840896,0.007437,TRUE,0.580417,0.1331,562,2825,3387,0.16592855,FALSE
204,7/23/11,3,0,7,0,6,0,1,0.849167,0.804287,0.04488,TRUE,0.5,0.131221,987,2298,3285,0.300456621,TRUE
205,7/24/11,3,0,7,0,0,0,1,0.83,0.794829,0.035171,TRUE,0.550833,0.169171,1050,2556,3606,0.291181364,FALSE
206,7/25/11,3,0,7,0,1,1,1,0.743333,0.720958,0.022375,TRUE,0.757083,0.0908083,568,3272,3840,0.147916667,FALSE
207,7/26/11,3,0,7,0,2,1,1,0.771667,0.696979,0.074688,TRUE,0.540833,0.200258,750,3840,4590,0.163398693,FALSE
208,7/27/11,3,0,7,0,3,1,1,0.775,0.690667,0.084333,TRUE,0.402917,0.183463,755,3901,4656,0.162156357,FALSE
209,7/28/11,3,0,7,0,4,1,1,0.779167,0.7399,0.039267,TRUE,0.583333,0.178479,606,3784,4390,0.138041002,FALSE
210,7/29/11,3,0,7,0,5,1,1,0.838333,0.785967,0.052366,TRUE,0.5425,0.174138,670,3176,3846,0.174206968,FALSE
211,7/30/11,3,0,7,0,6,0,1,0.804167,0.728537,0.07563,TRUE,0.465833,0.168537,1559,2916,4475,0.348379888,TRUE
212,7/31/11,3,0,7,0,0,0,1,0.805833,0.729796,0.076037,TRUE,0.480833,0.164813,1524,2778,4302,0.354253835,TRUE
213,8/1/11,3,0,8,0,1,1,1,0.771667,0.703292,0.068375,TRUE,0.550833,0.156717,729,3537,4266,0.170886076,FALSE
214,8/2/11,3,0,8,0,2,1,1,0.783333,0.707071,0.076262,TRUE,0.49125,0.20585,801,4044,4845,0.165325077,FALSE
215,8/3/11,3,0,8,0,3,1,2,0.731667,0.679937,0.05173,TRUE,0.6575,0.135583,467,3107,3574,0.130665921,FALSE
216,8/4/11,3,0,8,0,4,1,2,0.71,0.664788,0.045212,TRUE,0.7575,0.19715,799,3777,4576,0.174606643,FALSE
217,8/5/11,3,0,8,0,5,1,1,0.710833,0.656567,0.054266,TRUE,0.630833,0.184696,1023,3843,4866,0.210234279,FALSE
218,8/6/11,3,0,8,0,6,0,2,0.716667,0.676154,0.040513,TRUE,0.755,0.22825,1521,2773,4294,0.354215184,TRUE
219,8/7/11,3,0,8,0,0,0,1,0.7425,0.715292,0.027208,TRUE,0.752917,0.201487,1298,2487,3785,0.342932629,TRUE
220,8/8/11,3,0,8,0,1,1,1,0.765,0.703283,0.061717,TRUE,0.592083,0.192175,846,3480,4326,0.19556172,FALSE
221,8/9/11,3,0,8,0,2,1,1,0.775,0.724121,0.050879,TRUE,0.570417,0.151121,907,3695,4602,0.197088223,FALSE
222,8/10/11,3,0,8,0,3,1,1,0.766667,0.684983,0.081684,TRUE,0.424167,0.200258,884,3896,4780,0.184937238,FALSE
223,8/11/11,3,0,8,0,4,1,1,0.7175,0.651521,0.065979,TRUE,0.42375,0.164796,812,3980,4792,0.169449082,FALSE
224,8/12/11,3,0,8,0,5,1,1,0.708333,0.654042,0.054291,TRUE,0.415,0.125621,1051,3854,4905,0.214271152,FALSE
225,8/13/11,3,0,8,0,6,0,2,0.685833,0.645858,0.039975,TRUE,0.729583,0.211454,1504,2646,4150,0.362409639,TRUE
226,8/14/11,3,0,8,0,0,0,2,0.676667,0.624388,0.052279,TRUE,0.8175,0.222633,1338,2482,3820,0.35026178,TRUE
227,8/15/11,3,0,8,0,1,1,1,0.665833,0.616167,0.049666,TRUE,0.712083,0.208954,775,3563,4338,0.178653757,FALSE
228,8/16/11,3,0,8,0,2,1,1,0.700833,0.645837,0.054996,TRUE,0.578333,0.236329,721,4004,4725,0.152592593,FALSE
229,8/17/11,3,0,8,0,3,1,1,0.723333,0.666671,0.056662,TRUE,0.575417,0.143667,668,4026,4694,0.142309331,FALSE
230,8/18/11,3,0,8,0,4,1,1,0.711667,0.662258,0.049409,TRUE,0.654583,0.233208,639,3166,3805,0.167936925,FALSE
231,8/19/11,3,0,8,0,5,1,2,0.685,0.633221,0.051779,TRUE,0.722917,0.139308,797,3356,4153,0.191909463,FALSE
232,8/20/11,3,0,8,0,6,0,1,0.6975,0.648996,0.048504,TRUE,0.674167,0.104467,1914,3277,5191,0.368715084,TRUE
233,8/21/11,3,0,8,0,0,0,1,0.710833,0.675525,0.035308,TRUE,0.77,0.248754,1249,2624,3873,0.322489027,TRUE
234,8/22/11,3,0,8,0,1,1,1,0.691667,0.638254,0.053413,TRUE,0.47,0.27675,833,3925,4758,0.17507356,FALSE
235,8/23/11,3,0,8,0,2,1,1,0.640833,0.606067,0.034766,TRUE,0.455417,0.146763,1281,4614,5895,0.217302799,FALSE
236,8/24/11,3,0,8,0,3,1,1,0.673333,0.630692,0.042641,TRUE,0.605,0.253108,949,4181,5130,0.184990253,FALSE
237,8/25/11,3,0,8,0,4,1,2,0.684167,0.645854,0.038313,TRUE,0.771667,0.210833,435,3107,3542,0.122811971,FALSE
238,8/26/11,3,0,8,0,5,1,1,0.7,0.659733,0.040267,TRUE,0.76125,0.0839625,768,3893,4661,0.164771508,FALSE
239,8/27/11,3,0,8,0,6,0,2,0.68,0.635556,0.044444,TRUE,0.85,0.375617,226,889,1115,0.202690583,FALSE
240,8/28/11,3,0,8,0,0,0,1,0.707059,0.647959,0.0591,TRUE,0.561765,0.304659,1415,2919,4334,0.326488233,TRUE
241,8/29/11,3,0,8,0,1,1,1,0.636667,0.607958,0.028709,TRUE,0.554583,0.159825,729,3905,4634,0.157315494,FALSE
242,8/30/11,3,0,8,0,2,1,1,0.639167,0.594704,0.044463,TRUE,0.548333,0.125008,775,4429,5204,0.148923905,FALSE
243,8/31/11,3,0,8,0,3,1,1,0.656667,0.611121,0.045546,TRUE,0.597917,0.0833333,688,4370,5058,0.136022143,FALSE
244,9/1/11,3,0,9,0,4,1,1,0.655,0.614921,0.040079,TRUE,0.639167,0.141796,783,4332,5115,0.153079179,FALSE
245,9/2/11,3,0,9,0,5,1,2,0.643333,0.604808,0.038525,TRUE,0.727083,0.139929,875,3852,4727,0.185106833,FALSE
246,9/3/11,3,0,9,0,6,0,1,0.669167,0.633213,0.035954,TRUE,0.716667,0.185325,1935,2549,4484,0.431534344,TRUE
247,9/4/11,3,0,9,0,0,0,1,0.709167,0.665429,0.043738,TRUE,0.742083,0.206467,2521,2419,4940,0.510323887,TRUE
248,9/5/11,3,0,9,1,1,0,2,0.673333,0.625646,0.047687,TRUE,0.790417,0.212696,1236,2115,3351,0.368845121,TRUE
249,9/6/11,3,0,9,0,2,1,3,0.54,0.5152,0.0248,TRUE,0.886957,0.343943,204,2506,2710,0.075276753,FALSE
250,9/7/11,3,0,9,0,3,1,3,0.599167,0.544229,0.054938,TRUE,0.917083,0.0970208,118,1878,1996,0.059118236,FALSE
251,9/8/11,3,0,9,0,4,1,3,0.633913,0.555361,0.078552,TRUE,0.939565,0.192748,153,1689,1842,0.083061889,FALSE
252,9/9/11,3,0,9,0,5,1,2,0.65,0.578946,0.071054,TRUE,0.897917,0.124379,417,3127,3544,0.117663657,FALSE
253,9/10/11,3,0,9,0,6,0,1,0.66,0.607962,0.052038,TRUE,0.75375,0.153608,1750,3595,5345,0.327408793,TRUE
254,9/11/11,3,0,9,0,0,0,1,0.653333,0.609229,0.044104,TRUE,0.71375,0.115054,1633,3413,5046,0.323622671,TRUE
255,9/12/11,3,0,9,0,1,1,1,0.644348,0.60213,0.042218,TRUE,0.692174,0.088913,690,4023,4713,0.146403565,FALSE
256,9/13/11,3,0,9,0,2,1,1,0.650833,0.603554,0.047279,TRUE,0.7125,0.141804,701,4062,4763,0.147176149,FALSE
257,9/14/11,3,0,9,0,3,1,1,0.673333,0.6269,0.046433,TRUE,0.697083,0.1673,647,4138,4785,0.135214211,FALSE
258,9/15/11,3,0,9,0,4,1,2,0.5775,0.553671,0.023829,TRUE,0.709167,0.271146,428,3231,3659,0.11697185,FALSE
259,9/16/11,3,0,9,0,5,1,2,0.469167,0.461475,0.007692,TRUE,0.590417,0.164183,742,4018,4760,0.155882353,FALSE
260,9/17/11,3,0,9,0,6,0,2,0.491667,0.478512,0.013155,TRUE,0.718333,0.189675,1434,3077,4511,0.317889603,TRUE
261,9/18/11,3,0,9,0,0,0,1,0.5075,0.490537,0.016963,TRUE,0.695,0.178483,1353,2921,4274,0.316565278,TRUE
262,9/19/11,3,0,9,0,1,1,2,0.549167,0.529675,0.019492,TRUE,0.69,0.151742,691,3848,4539,0.152236175,FALSE
263,9/20/11,3,0,9,0,2,1,2,0.561667,0.532217,0.02945,TRUE,0.88125,0.134954,438,3203,3641,0.120296622,FALSE
264,9/21/11,3,0,9,0,3,1,2,0.595,0.550533,0.044467,TRUE,0.9,0.0964042,539,3813,4352,0.123851103,FALSE
265,9/22/11,3,0,9,0,4,1,2,0.628333,0.554963,0.07337,TRUE,0.902083,0.128125,555,4240,4795,0.115745568,FALSE
266,9/23/11,4,0,9,0,5,1,2,0.609167,0.522125,0.087042,TRUE,0.9725,0.0783667,258,2137,2395,0.107724426,FALSE
267,9/24/11,4,0,9,0,6,0,2,0.606667,0.564412,0.042255,TRUE,0.8625,0.0783833,1776,3647,5423,0.327494007,TRUE
268,9/25/11,4,0,9,0,0,0,2,0.634167,0.572637,0.06153,TRUE,0.845,0.0503792,1544,3466,5010,0.308183633,TRUE
269,9/26/11,4,0,9,0,1,1,2,0.649167,0.589042,0.060125,TRUE,0.848333,0.1107,684,3946,4630,0.147732181,FALSE
270,9/27/11,4,0,9,0,2,1,2,0.636667,0.574525,0.062142,TRUE,0.885417,0.118171,477,3643,4120,0.115776699,FALSE
271,9/28/11,4,0,9,0,3,1,2,0.635,0.575158,0.059842,TRUE,0.84875,0.148629,480,3427,3907,0.122856412,FALSE
272,9/29/11,4,0,9,0,4,1,1,0.616667,0.574512,0.042155,TRUE,0.699167,0.172883,653,4186,4839,0.134945237,FALSE
273,9/30/11,4,0,9,0,5,1,1,0.564167,0.544829,0.019338,TRUE,0.6475,0.206475,830,4372,5202,0.159554018,FALSE
274,10/1/11,4,0,10,0,6,0,2,0.41,0.412863,-0.002863,FALSE,0.75375,0.292296,480,1949,2429,0.197612186,FALSE
275,10/2/11,4,0,10,0,0,0,2,0.356667,0.345317,0.01135,TRUE,0.791667,0.222013,616,2302,2918,0.211103496,FALSE
276,10/3/11,4,0,10,0,1,1,2,0.384167,0.392046,-0.007879,FALSE,0.760833,0.0833458,330,3240,3570,0.092436975,FALSE
277,10/4/11,4,0,10,0,2,1,1,0.484167,0.472858,0.011309,TRUE,0.71,0.205854,486,3970,4456,0.109066427,FALSE
278,10/5/11,4,0,10,0,3,1,1,0.538333,0.527138,0.011195,TRUE,0.647917,0.17725,559,4267,4826,0.115830916,FALSE
279,10/6/11,4,0,10,0,4,1,1,0.494167,0.480425,0.013742,TRUE,0.620833,0.134954,639,4126,4765,0.134102833,FALSE
280,10/7/11,4,0,10,0,5,1,1,0.510833,0.504404,0.006429,TRUE,0.684167,0.0223917,949,4036,4985,0.190371113,FALSE
281,10/8/11,4,0,10,0,6,0,1,0.521667,0.513242,0.008425,TRUE,0.70125,0.0454042,2235,3174,5409,0.413200222,TRUE
282,10/9/11,4,0,10,0,0,0,1,0.540833,0.523983,0.01685,TRUE,0.7275,0.06345,2397,3114,5511,0.434948285,TRUE
283,10/10/11,4,0,10,1,1,0,1,0.570833,0.542925,0.027908,TRUE,0.73375,0.0423042,1514,3603,5117,0.29587649,FALSE
284,10/11/11,4,0,10,0,2,1,2,0.566667,0.546096,0.020571,TRUE,0.80875,0.143042,667,3896,4563,0.146175762,FALSE
285,10/12/11,4,0,10,0,3,1,3,0.543333,0.517717,0.025616,TRUE,0.90625,0.24815,217,2199,2416,0.089817881,FALSE
286,10/13/11,4,0,10,0,4,1,2,0.589167,0.551804,0.037363,TRUE,0.896667,0.141787,290,2623,2913,0.099553725,FALSE
287,10/14/11,4,0,10,0,5,1,2,0.550833,0.529675,0.021158,TRUE,0.71625,0.223883,529,3115,3644,0.145170143,FALSE
288,10/15/11,4,0,10,0,6,0,1,0.506667,0.498725,0.007942,TRUE,0.483333,0.258083,1899,3318,5217,0.3640023,TRUE
289,10/16/11,4,0,10,0,0,0,1,0.511667,0.503154,0.008513,TRUE,0.486667,0.281717,1748,3293,5041,0.346756596,TRUE
290,10/17/11,4,0,10,0,1,1,1,0.534167,0.510725,0.023442,TRUE,0.579583,0.175379,713,3857,4570,0.156017505,FALSE
291,10/18/11,4,0,10,0,2,1,2,0.5325,0.522721,0.009779,TRUE,0.701667,0.110087,637,4111,4748,0.134161752,FALSE
292,10/19/11,4,0,10,0,3,1,3,0.541739,0.513848,0.027891,TRUE,0.895217,0.243339,254,2170,2424,0.104785479,FALSE
293,10/20/11,4,0,10,0,4,1,1,0.475833,0.466525,0.009308,TRUE,0.63625,0.422275,471,3724,4195,0.11227652,FALSE
294,10/21/11,4,0,10,0,5,1,1,0.4275,0.423596,0.003904,TRUE,0.574167,0.221396,676,3628,4304,0.157063197,FALSE
295,10/22/11,4,0,10,0,6,0,1,0.4225,0.425492,-0.002992,FALSE,0.629167,0.0926667,1499,2809,4308,0.347957289,TRUE
296,10/23/11,4,0,10,0,0,0,1,0.421667,0.422333,-0.000666,FALSE,0.74125,0.0995125,1619,2762,4381,0.369550331,TRUE
297,10/24/11,4,0,10,0,1,1,1,0.463333,0.457067,0.006266,TRUE,0.772083,0.118792,699,3488,4187,0.166945307,FALSE
298,10/25/11,4,0,10,0,2,1,1,0.471667,0.463375,0.008292,TRUE,0.622917,0.166658,695,3992,4687,0.148282483,FALSE
299,10/26/11,4,0,10,0,3,1,2,0.484167,0.472846,0.011321,TRUE,0.720417,0.148642,404,3490,3894,0.103749358,FALSE
300,10/27/11,4,0,10,0,4,1,2,0.47,0.457046,0.012954,TRUE,0.812917,0.197763,240,2419,2659,0.090259496,FALSE
301,10/28/11,4,0,10,0,5,1,2,0.330833,0.318812,0.012021,TRUE,0.585833,0.229479,456,3291,3747,0.121697358,FALSE
302,10/29/11,4,0,10,0,6,0,3,0.254167,0.227913,0.026254,TRUE,0.8825,0.351371,57,570,627,0.090909091,FALSE
303,10/30/11,4,0,10,0,0,0,1,0.319167,0.321329,-0.002162,FALSE,0.62375,0.176617,885,2446,3331,0.26568598,FALSE
304,10/31/11,4,0,10,0,1,1,1,0.34,0.356063,-0.016063,FALSE,0.703333,0.10635,362,3307,3669,0.098664486,FALSE
305,11/1/11,4,0,11,0,2,1,1,0.400833,0.397088,0.003745,TRUE,0.68375,0.135571,410,3658,4068,0.100786627,FALSE
306,11/2/11,4,0,11,0,3,1,1,0.3775,0.390133,-0.012633,FALSE,0.71875,0.0820917,370,3816,4186,0.088389871,FALSE
307,11/3/11,4,0,11,0,4,1,1,0.408333,0.405921,0.002412,TRUE,0.702083,0.136817,318,3656,3974,0.080020131,FALSE
308,11/4/11,4,0,11,0,5,1,2,0.403333,0.403392,-5.9E-05,FALSE,0.6225,0.271779,470,3576,4046,0.116164113,FALSE
309,11/5/11,4,0,11,0,6,0,1,0.326667,0.323854,0.002813,TRUE,0.519167,0.189062,1156,2770,3926,0.294447275,FALSE
310,11/6/11,4,0,11,0,0,0,1,0.348333,0.362358,-0.014025,FALSE,0.734583,0.0920542,952,2697,3649,0.260893395,FALSE
311,11/7/11,4,0,11,0,1,1,1,0.395,0.400871,-0.005871,FALSE,0.75875,0.057225,373,3662,4035,0.09244114,FALSE
312,11/8/11,4,0,11,0,2,1,1,0.408333,0.412246,-0.003913,FALSE,0.721667,0.0690375,376,3829,4205,0.08941736,FALSE
313,11/9/11,4,0,11,0,3,1,1,0.4,0.409079,-0.009079,FALSE,0.758333,0.0621958,305,3804,4109,0.074227306,FALSE
314,11/10/11,4,0,11,0,4,1,2,0.38,0.373721,0.006279,TRUE,0.813333,0.189067,190,2743,2933,0.064780089,FALSE
315,11/11/11,4,0,11,1,5,0,1,0.324167,0.306817,0.01735,TRUE,0.44625,0.314675,440,2928,3368,0.13064133,FALSE
316,11/12/11,4,0,11,0,6,0,1,0.356667,0.357942,-0.001275,FALSE,0.552917,0.212062,1275,2792,4067,0.313498894,TRUE
317,11/13/11,4,0,11,0,0,0,1,0.440833,0.43055,0.010283,TRUE,0.458333,0.281721,1004,2713,3717,0.270110304,FALSE
318,11/14/11,4,0,11,0,1,1,1,0.53,0.524612,0.005388,TRUE,0.587083,0.306596,595,3891,4486,0.132634864,FALSE
319,11/15/11,4,0,11,0,2,1,2,0.53,0.507579,0.022421,TRUE,0.68875,0.199633,449,3746,4195,0.107032181,FALSE
320,11/16/11,4,0,11,0,3,1,3,0.456667,0.451988,0.004679,TRUE,0.93,0.136829,145,1672,1817,0.079801871,FALSE
321,11/17/11,4,0,11,0,4,1,2,0.341667,0.323221,0.018446,TRUE,0.575833,0.305362,139,2914,3053,0.045528988,FALSE
322,11/18/11,4,0,11,0,5,1,1,0.274167,0.272721,0.001446,TRUE,0.41,0.168533,245,3147,3392,0.072228774,FALSE
323,11/19/11,4,0,11,0,6,0,1,0.329167,0.324483,0.004684,TRUE,0.502083,0.224496,943,2720,3663,0.257439257,FALSE
324,11/20/11,4,0,11,0,0,0,2,0.463333,0.457058,0.006275,TRUE,0.684583,0.18595,787,2733,3520,0.223579545,FALSE
325,11/21/11,4,0,11,0,1,1,3,0.4475,0.445062,0.002438,TRUE,0.91,0.138054,220,2545,2765,0.079566004,FALSE
326,11/22/11,4,0,11,0,2,1,3,0.416667,0.421696,-0.005029,FALSE,0.9625,0.118792,69,1538,1607,0.04293715,FALSE
327,11/23/11,4,0,11,0,3,1,2,0.440833,0.430537,0.010296,TRUE,0.757917,0.335825,112,2454,2566,0.043647701,FALSE
328,11/24/11,4,0,11,1,4,0,1,0.373333,0.372471,0.000862,TRUE,0.549167,0.167304,560,935,1495,0.37458194,TRUE
329,11/25/11,4,0,11,0,5,1,1,0.375,0.380671,-0.005671,FALSE,0.64375,0.0988958,1095,1697,2792,0.392191977,TRUE
330,11/26/11,4,0,11,0,6,0,1,0.375833,0.385087,-0.009254,FALSE,0.681667,0.0684208,1249,1819,3068,0.407105606,TRUE
331,11/27/11,4,0,11,0,0,0,1,0.459167,0.4558,0.003367,TRUE,0.698333,0.208954,810,2261,3071,0.263757734,FALSE
332,11/28/11,4,0,11,0,1,1,1,0.503478,0.490122,0.013356,TRUE,0.743043,0.142122,253,3614,3867,0.065425394,FALSE
333,11/29/11,4,0,11,0,2,1,2,0.458333,0.451375,0.006958,TRUE,0.830833,0.258092,96,2818,2914,0.032944406,FALSE
334,11/30/11,4,0,11,0,3,1,1,0.325,0.311221,0.013779,TRUE,0.613333,0.271158,188,3425,3613,0.052034321,FALSE
335,12/1/11,4,0,12,0,4,1,1,0.3125,0.305554,0.006946,TRUE,0.524583,0.220158,182,3545,3727,0.048832841,FALSE
336,12/2/11,4,0,12,0,5,1,1,0.314167,0.331433,-0.017266,FALSE,0.625833,0.100754,268,3672,3940,0.068020305,FALSE
337,12/3/11,4,0,12,0,6,0,1,0.299167,0.310604,-0.011437,FALSE,0.612917,0.0957833,706,2908,3614,0.195351411,FALSE
338,12/4/11,4,0,12,0,0,0,1,0.330833,0.3491,-0.018267,FALSE,0.775833,0.0839583,634,2851,3485,0.181922525,FALSE
339,12/5/11,4,0,12,0,1,1,2,0.385833,0.393925,-0.008092,FALSE,0.827083,0.0622083,233,3578,3811,0.061138809,FALSE
340,12/6/11,4,0,12,0,2,1,3,0.4625,0.4564,0.0061,TRUE,0.949583,0.232583,126,2468,2594,0.048573631,FALSE
341,12/7/11,4,0,12,0,3,1,3,0.41,0.400246,0.009754,TRUE,0.970417,0.266175,50,655,705,0.070921986,FALSE
342,12/8/11,4,0,12,0,4,1,1,0.265833,0.256938,0.008895,TRUE,0.58,0.240058,150,3172,3322,0.045153522,FALSE
343,12/9/11,4,0,12,0,5,1,1,0.290833,0.317542,-0.026709,FALSE,0.695833,0.0827167,261,3359,3620,0.072099448,FALSE
344,12/10/11,4,0,12,0,6,0,1,0.275,0.266412,0.008588,TRUE,0.5075,0.233221,502,2688,3190,0.157366771,FALSE
345,12/11/11,4,0,12,0,0,0,1,0.220833,0.253154,-0.032321,FALSE,0.49,0.0665417,377,2366,2743,0.137440758,FALSE
346,12/12/11,4,0,12,0,1,1,1,0.238333,0.270196,-0.031863,FALSE,0.670833,0.06345,143,3167,3310,0.043202417,FALSE
347,12/13/11,4,0,12,0,2,1,1,0.2825,0.301138,-0.018638,FALSE,0.59,0.14055,155,3368,3523,0.043996594,FALSE
348,12/14/11,4,0,12,0,3,1,2,0.3175,0.338362,-0.020862,FALSE,0.66375,0.0609583,178,3562,3740,0.047593583,FALSE
349,12/15/11,4,0,12,0,4,1,2,0.4225,0.412237,0.010263,TRUE,0.634167,0.268042,181,3528,3709,0.048800216,FALSE
350,12/16/11,4,0,12,0,5,1,2,0.375,0.359825,0.015175,TRUE,0.500417,0.260575,178,3399,3577,0.049762371,FALSE
351,12/17/11,4,0,12,0,6,0,2,0.258333,0.249371,0.008962,TRUE,0.560833,0.243167,275,2464,2739,0.100401606,FALSE
352,12/18/11,4,0,12,0,0,0,1,0.238333,0.245579,-0.007246,FALSE,0.58625,0.169779,220,2211,2431,0.090497738,FALSE
353,12/19/11,4,0,12,0,1,1,1,0.276667,0.280933,-0.004266,FALSE,0.6375,0.172896,260,3143,3403,0.076403174,FALSE
354,12/20/11,4,0,12,0,2,1,2,0.385833,0.396454,-0.010621,FALSE,0.595417,0.0615708,216,3534,3750,0.0576,FALSE
355,12/21/11,1,0,12,0,3,1,2,0.428333,0.428017,0.000316,TRUE,0.858333,0.2214,107,2553,2660,0.040225564,FALSE
356,12/22/11,1,0,12,0,4,1,2,0.423333,0.426121,-0.002788,FALSE,0.7575,0.047275,227,2841,3068,0.07398957,FALSE
357,12/23/11,1,0,12,0,5,1,1,0.373333,0.377513,-0.00418,FALSE,0.68625,0.274246,163,2046,2209,0.073789045,FALSE
358,12/24/11,1,0,12,0,6,0,1,0.3025,0.299242,0.003258,TRUE,0.5425,0.190304,155,856,1011,0.153313551,FALSE
359,12/25/11,1,0,12,0,0,0,1,0.274783,0.279961,-0.005178,FALSE,0.681304,0.155091,303,451,754,0.401856764,TRUE
360,12/26/11,1,0,12,1,1,0,1,0.321739,0.315535,0.006204,TRUE,0.506957,0.239465,430,887,1317,0.32649962,TRUE
361,12/27/11,1,0,12,0,2,1,2,0.325,0.327633,-0.002633,FALSE,0.7625,0.18845,103,1059,1162,0.088640275,FALSE
362,12/28/11,1,0,12,0,3,1,1,0.29913,0.279974,0.019156,TRUE,0.503913,0.293961,255,2047,2302,0.110773241,FALSE
363,12/29/11,1,0,12,0,4,1,1,0.248333,0.263892,-0.015559,FALSE,0.574167,0.119412,254,2169,2423,0.104828725,FALSE
364,12/30/11,1,0,12,0,5,1,1,0.311667,0.318812,-0.007145,FALSE,0.636667,0.134337,491,2508,2999,0.16372124,FALSE
365,12/31/11,1,0,12,0,6,0,1,0.41,0.414121,-0.004121,FALSE,0.615833,0.220154,665,1820,2485,0.267605634,FALSE
366,1/1/12,1,1,1,0,0,0,1,0.37,0.375621,-0.005621,FALSE,0.6925,0.192167,686,1608,2294,0.299040976,FALSE
367,1/2/12,1,1,1,1,1,0,1,0.273043,0.252304,0.020739,TRUE,0.381304,0.329665,244,1707,1951,0.12506407,FALSE
368,1/3/12,1,1,1,0,2,1,1,0.15,0.126275,0.023725,TRUE,0.44125,0.365671,89,2147,2236,0.03980322,FALSE
369,1/4/12,1,1,1,0,3,1,2,0.1075,0.119337,-0.011837,FALSE,0.414583,0.1847,95,2273,2368,0.040118243,FALSE
370,1/5/12,1,1,1,0,4,1,1,0.265833,0.278412,-0.012579,FALSE,0.524167,0.129987,140,3132,3272,0.042787286,FALSE
371,1/6/12,1,1,1,0,5,1,1,0.334167,0.340267,-0.0061,FALSE,0.542083,0.167908,307,3791,4098,0.074914592,FALSE
372,1/7/12,1,1,1,0,6,0,1,0.393333,0.390779,0.002554,TRUE,0.531667,0.174758,1070,3451,4521,0.236673302,FALSE
373,1/8/12,1,1,1,0,0,0,1,0.3375,0.340258,-0.002758,FALSE,0.465,0.191542,599,2826,3425,0.174890511,FALSE
374,1/9/12,1,1,1,0,1,1,2,0.224167,0.247479,-0.023312,FALSE,0.701667,0.0989,106,2270,2376,0.044612795,FALSE
375,1/10/12,1,1,1,0,2,1,1,0.308696,0.318826,-0.01013,FALSE,0.646522,0.187552,173,3425,3598,0.048082268,FALSE
376,1/11/12,1,1,1,0,3,1,2,0.274167,0.282821,-0.008654,FALSE,0.8475,0.131221,92,2085,2177,0.042259991,FALSE
377,1/12/12,1,1,1,0,4,1,2,0.3825,0.381938,0.000562,TRUE,0.802917,0.180967,269,3828,4097,0.065657798,FALSE
378,1/13/12,1,1,1,0,5,1,1,0.274167,0.249362,0.024805,TRUE,0.5075,0.378108,174,3040,3214,0.054138146,FALSE
379,1/14/12,1,1,1,0,6,0,1,0.18,0.183087,-0.003087,FALSE,0.4575,0.187183,333,2160,2493,0.133574007,FALSE
380,1/15/12,1,1,1,0,0,0,1,0.166667,0.161625,0.005042,TRUE,0.419167,0.251258,284,2027,2311,0.122890524,FALSE
381,1/16/12,1,1,1,1,1,0,1,0.19,0.190663,-0.000663,FALSE,0.5225,0.231358,217,2081,2298,0.094429939,FALSE
382,1/17/12,1,1,1,0,2,1,2,0.373043,0.364278,0.008765,TRUE,0.716087,0.34913,127,2808,2935,0.043270869,FALSE
383,1/18/12,1,1,1,0,3,1,1,0.303333,0.275254,0.028079,TRUE,0.443333,0.415429,109,3267,3376,0.03228673,FALSE
384,1/19/12,1,1,1,0,4,1,1,0.19,0.190038,-3.8E-05,FALSE,0.4975,0.220158,130,3162,3292,0.039489672,FALSE
385,1/20/12,1,1,1,0,5,1,2,0.2175,0.220958,-0.003458,FALSE,0.45,0.20275,115,3048,3163,0.036357888,FALSE
386,1/21/12,1,1,1,0,6,0,2,0.173333,0.174875,-0.001542,FALSE,0.83125,0.222642,67,1234,1301,0.051498847,FALSE
387,1/22/12,1,1,1,0,0,0,2,0.1625,0.16225,0.00025,TRUE,0.79625,0.199638,196,1781,1977,0.099140111,FALSE
388,1/23/12,1,1,1,0,1,1,2,0.218333,0.243058,-0.024725,FALSE,0.91125,0.110708,145,2287,2432,0.059621711,FALSE
389,1/24/12,1,1,1,0,2,1,1,0.3425,0.349108,-0.006608,FALSE,0.835833,0.123767,439,3900,4339,0.101175386,FALSE
390,1/25/12,1,1,1,0,3,1,1,0.294167,0.294821,-0.000654,FALSE,0.64375,0.161071,467,3803,4270,0.109367681,FALSE
391,1/26/12,1,1,1,0,4,1,2,0.341667,0.35605,-0.014383,FALSE,0.769583,0.0733958,244,3831,4075,0.059877301,FALSE
392,1/27/12,1,1,1,0,5,1,2,0.425,0.415383,0.009617,TRUE,0.74125,0.342667,269,3187,3456,0.077835648,FALSE
393,1/28/12,1,1,1,0,6,0,1,0.315833,0.326379,-0.010546,FALSE,0.543333,0.210829,775,3248,4023,0.192642307,FALSE
394,1/29/12,1,1,1,0,0,0,1,0.2825,0.272721,0.009779,TRUE,0.31125,0.24005,558,2685,3243,0.172062905,FALSE
395,1/30/12,1,1,1,0,1,1,1,0.269167,0.262625,0.006542,TRUE,0.400833,0.215792,126,3498,3624,0.034768212,FALSE
396,1/31/12,1,1,1,0,2,1,1,0.39,0.381317,0.008683,TRUE,0.416667,0.261817,324,4185,4509,0.071856287,FALSE
397,2/1/12,1,1,2,0,3,1,1,0.469167,0.466538,0.002629,TRUE,0.507917,0.189067,304,4275,4579,0.066390041,FALSE
398,2/2/12,1,1,2,0,4,1,2,0.399167,0.398971,0.000196,TRUE,0.672917,0.187187,190,3571,3761,0.050518479,FALSE
399,2/3/12,1,1,2,0,5,1,1,0.313333,0.309346,0.003987,TRUE,0.526667,0.178496,310,3841,4151,0.0746808,FALSE
400,2/4/12,1,1,2,0,6,0,2,0.264167,0.272725,-0.008558,FALSE,0.779583,0.121896,384,2448,2832,0.13559322,FALSE
401,2/5/12,1,1,2,0,0,0,2,0.265833,0.264521,0.001312,TRUE,0.687917,0.175996,318,2629,2947,0.107906345,FALSE
402,2/6/12,1,1,2,0,1,1,1,0.282609,0.296426,-0.013817,FALSE,0.622174,0.1538,206,3578,3784,0.054439746,FALSE
403,2/7/12,1,1,2,0,2,1,1,0.354167,0.361104,-0.006937,FALSE,0.49625,0.147379,199,4176,4375,0.045485714,FALSE
404,2/8/12,1,1,2,0,3,1,2,0.256667,0.266421,-0.009754,FALSE,0.722917,0.133721,109,2693,2802,0.038900785,FALSE
405,2/9/12,1,1,2,0,4,1,1,0.265,0.261988,0.003012,TRUE,0.562083,0.194037,163,3667,3830,0.042558747,FALSE
406,2/10/12,1,1,2,0,5,1,2,0.280833,0.293558,-0.012725,FALSE,0.54,0.116929,227,3604,3831,0.059253459,FALSE
407,2/11/12,1,1,2,0,6,0,3,0.224167,0.210867,0.0133,TRUE,0.73125,0.289796,192,1977,2169,0.088520055,FALSE
408,2/12/12,1,1,2,0,0,0,1,0.1275,0.101658,0.025842,TRUE,0.464583,0.409212,73,1456,1529,0.047743623,FALSE
409,2/13/12,1,1,2,0,1,1,1,0.2225,0.227913,-0.005413,FALSE,0.41125,0.167283,94,3328,3422,0.027469316,FALSE
410,2/14/12,1,1,2,0,2,1,2,0.319167,0.333946,-0.014779,FALSE,0.50875,0.141179,135,3787,3922,0.034421214,FALSE
411,2/15/12,1,1,2,0,3,1,1,0.348333,0.351629,-0.003296,FALSE,0.53125,0.1816,141,4028,4169,0.03382106,FALSE
412,2/16/12,1,1,2,0,4,1,2,0.316667,0.330162,-0.013495,FALSE,0.752917,0.091425,74,2931,3005,0.024625624,FALSE
413,2/17/12,1,1,2,0,5,1,1,0.343333,0.351629,-0.008296,FALSE,0.634583,0.205846,349,3805,4154,0.084015407,FALSE
414,2/18/12,1,1,2,0,6,0,1,0.346667,0.355425,-0.008758,FALSE,0.534583,0.190929,1435,2883,4318,0.332329782,TRUE
415,2/19/12,1,1,2,0,0,0,2,0.28,0.265788,0.014212,TRUE,0.515833,0.253112,618,2071,2689,0.229825214,FALSE
416,2/20/12,1,1,2,1,1,0,1,0.28,0.273391,0.006609,TRUE,0.507826,0.229083,502,2627,3129,0.160434644,FALSE
417,2/21/12,1,1,2,0,2,1,1,0.287826,0.295113,-0.007287,FALSE,0.594348,0.205717,163,3614,3777,0.043155944,FALSE
418,2/22/12,1,1,2,0,3,1,1,0.395833,0.392667,0.003166,TRUE,0.567917,0.234471,394,4379,4773,0.082547664,FALSE
419,2/23/12,1,1,2,0,4,1,1,0.454167,0.444446,0.009721,TRUE,0.554583,0.190913,516,4546,5062,0.101935994,FALSE
420,2/24/12,1,1,2,0,5,1,2,0.4075,0.410971,-0.003471,FALSE,0.7375,0.237567,246,3241,3487,0.070547749,FALSE
421,2/25/12,1,1,2,0,6,0,1,0.290833,0.255675,0.035158,TRUE,0.395833,0.421642,317,2415,2732,0.116032211,FALSE
422,2/26/12,1,1,2,0,0,0,1,0.279167,0.268308,0.010859,TRUE,0.41,0.205229,515,2874,3389,0.151962231,FALSE
423,2/27/12,1,1,2,0,1,1,1,0.366667,0.357954,0.008713,TRUE,0.490833,0.268033,253,4069,4322,0.058537714,FALSE
424,2/28/12,1,1,2,0,2,1,1,0.359167,0.353525,0.005642,TRUE,0.395833,0.193417,229,4134,4363,0.052486821,FALSE
425,2/29/12,1,1,2,0,3,1,2,0.344348,0.34847,-0.004122,FALSE,0.804783,0.179117,65,1769,1834,0.035441658,FALSE
426,3/1/12,1,1,3,0,4,1,1,0.485833,0.475371,0.010462,TRUE,0.615417,0.226987,325,4665,4990,0.065130261,FALSE
427,3/2/12,1,1,3,0,5,1,2,0.353333,0.359842,-0.006509,FALSE,0.657083,0.144904,246,2948,3194,0.077019411,FALSE
428,3/3/12,1,1,3,0,6,0,2,0.414167,0.413492,0.000675,TRUE,0.62125,0.161079,956,3110,4066,0.235120512,FALSE
429,3/4/12,1,1,3,0,0,0,1,0.325833,0.303021,0.022812,TRUE,0.403333,0.334571,710,2713,3423,0.207420391,FALSE
430,3/5/12,1,1,3,0,1,1,1,0.243333,0.241171,0.002162,TRUE,0.50625,0.228858,203,3130,3333,0.060906091,FALSE
431,3/6/12,1,1,3,0,2,1,1,0.258333,0.255042,0.003291,TRUE,0.456667,0.200875,221,3735,3956,0.05586451,FALSE
432,3/7/12,1,1,3,0,3,1,1,0.404167,0.3851,0.019067,TRUE,0.513333,0.345779,432,4484,4916,0.087876322,FALSE
433,3/8/12,1,1,3,0,4,1,1,0.5275,0.524604,0.002896,TRUE,0.5675,0.441563,486,4896,5382,0.090301003,FALSE
434,3/9/12,1,1,3,0,5,1,2,0.410833,0.397083,0.01375,TRUE,0.407083,0.4148,447,4122,4569,0.097833224,FALSE
435,3/10/12,1,1,3,0,6,0,1,0.2875,0.277767,0.009733,TRUE,0.350417,0.22575,968,3150,4118,0.235065566,FALSE
436,3/11/12,1,1,3,0,0,0,1,0.361739,0.35967,0.002069,TRUE,0.476957,0.222587,1658,3253,4911,0.337609448,TRUE
437,3/12/12,1,1,3,0,1,1,1,0.466667,0.459592,0.007075,TRUE,0.489167,0.207713,838,4460,5298,0.158172895,FALSE
438,3/13/12,1,1,3,0,2,1,1,0.565,0.542929,0.022071,TRUE,0.6175,0.23695,762,5085,5847,0.130323243,FALSE
439,3/14/12,1,1,3,0,3,1,1,0.5725,0.548617,0.023883,TRUE,0.507083,0.115062,997,5315,6312,0.157953105,FALSE
440,3/15/12,1,1,3,0,4,1,1,0.5575,0.532825,0.024675,TRUE,0.579583,0.149883,1005,5187,6192,0.162306202,FALSE
441,3/16/12,1,1,3,0,5,1,2,0.435833,0.436229,-0.000396,FALSE,0.842083,0.113192,548,3830,4378,0.125171311,FALSE
442,3/17/12,1,1,3,0,6,0,2,0.514167,0.505046,0.009121,TRUE,0.755833,0.110704,3155,4681,7836,0.402628892,TRUE
443,3/18/12,1,1,3,0,0,0,2,0.4725,0.464,0.0085,TRUE,0.81,0.126883,2207,3685,5892,0.374575696,TRUE
444,3/19/12,1,1,3,0,1,1,1,0.545,0.532821,0.012179,TRUE,0.72875,0.162317,982,5171,6153,0.159596945,FALSE
445,3/20/12,1,1,3,0,2,1,1,0.560833,0.538533,0.0223,TRUE,0.807917,0.121271,1051,5042,6093,0.172493025,FALSE
446,3/21/12,2,1,3,0,3,1,2,0.531667,0.513258,0.018409,TRUE,0.82125,0.0895583,1122,5108,6230,0.180096308,FALSE
447,3/22/12,2,1,3,0,4,1,1,0.554167,0.531567,0.0226,TRUE,0.83125,0.117562,1334,5537,6871,0.194149323,FALSE
448,3/23/12,2,1,3,0,5,1,2,0.601667,0.570067,0.0316,TRUE,0.694167,0.1163,2469,5893,8362,0.295264291,FALSE
449,3/24/12,2,1,3,0,6,0,2,0.5025,0.486733,0.015767,TRUE,0.885417,0.192783,1033,2339,3372,0.306346382,TRUE
450,3/25/12,2,1,3,0,0,0,2,0.4375,0.437488,1.2E-05,TRUE,0.880833,0.220775,1532,3464,4996,0.306645316,TRUE
451,3/26/12,2,1,3,0,1,1,1,0.445833,0.43875,0.007083,TRUE,0.477917,0.386821,795,4763,5558,0.143037064,FALSE
452,3/27/12,2,1,3,0,2,1,1,0.323333,0.315654,0.007679,TRUE,0.29,0.187192,531,4571,5102,0.104076833,FALSE
453,3/28/12,2,1,3,0,3,1,1,0.484167,0.47095,0.013217,TRUE,0.48125,0.291671,674,5024,5698,0.118287118,FALSE
454,3/29/12,2,1,3,0,4,1,1,0.494167,0.482304,0.011863,TRUE,0.439167,0.31965,834,5299,6133,0.135985651,FALSE
455,3/30/12,2,1,3,0,5,1,2,0.37,0.375621,-0.005621,FALSE,0.580833,0.138067,796,4663,5459,0.145814252,FALSE
456,3/31/12,2,1,3,0,6,0,2,0.424167,0.421708,0.002459,TRUE,0.738333,0.250617,2301,3934,6235,0.36904571,TRUE
457,4/1/12,2,1,4,0,0,0,2,0.425833,0.417287,0.008546,TRUE,0.67625,0.172267,2347,3694,6041,0.388511836,TRUE
458,4/2/12,2,1,4,0,1,1,1,0.433913,0.427513,0.0064,TRUE,0.504348,0.312139,1208,4728,5936,0.203504043,FALSE
459,4/3/12,2,1,4,0,2,1,1,0.466667,0.461483,0.005184,TRUE,0.396667,0.100133,1348,5424,6772,0.199054932,FALSE
460,4/4/12,2,1,4,0,3,1,1,0.541667,0.53345,0.008217,TRUE,0.469583,0.180975,1058,5378,6436,0.164387819,FALSE
461,4/5/12,2,1,4,0,4,1,1,0.435,0.431163,0.003837,TRUE,0.374167,0.219529,1192,5265,6457,0.184605854,FALSE
462,4/6/12,2,1,4,0,5,1,1,0.403333,0.390767,0.012566,TRUE,0.377083,0.300388,1807,4653,6460,0.279721362,FALSE
463,4/7/12,2,1,4,0,6,0,1,0.4375,0.426129,0.011371,TRUE,0.254167,0.274871,3252,3605,6857,0.47425988,TRUE
464,4/8/12,2,1,4,0,0,0,1,0.5,0.492425,0.007575,TRUE,0.275833,0.232596,2230,2939,5169,0.431418069,TRUE
465,4/9/12,2,1,4,0,1,1,1,0.489167,0.476638,0.012529,TRUE,0.3175,0.358196,905,4680,5585,0.162041182,FALSE
466,4/10/12,2,1,4,0,2,1,1,0.446667,0.436233,0.010434,TRUE,0.435,0.249375,819,5099,5918,0.138391348,FALSE
467,4/11/12,2,1,4,0,3,1,1,0.348696,0.337274,0.011422,TRUE,0.469565,0.295274,482,4380,4862,0.099136158,FALSE
468,4/12/12,2,1,4,0,4,1,1,0.3975,0.387604,0.009896,TRUE,0.46625,0.290429,663,4746,5409,0.122573489,FALSE
469,4/13/12,2,1,4,0,5,1,1,0.4425,0.431808,0.010692,TRUE,0.408333,0.155471,1252,5146,6398,0.195686152,FALSE
470,4/14/12,2,1,4,0,6,0,1,0.495,0.487996,0.007004,TRUE,0.502917,0.190917,2795,4665,7460,0.374664879,TRUE
471,4/15/12,2,1,4,0,0,0,1,0.606667,0.573875,0.032792,TRUE,0.507917,0.225129,2846,4286,7132,0.399046551,TRUE
472,4/16/12,2,1,4,1,1,0,1,0.664167,0.614925,0.049242,TRUE,0.561667,0.284829,1198,5172,6370,0.188069074,FALSE
473,4/17/12,2,1,4,0,2,1,1,0.608333,0.598487,0.009846,TRUE,0.390417,0.273629,989,5702,6691,0.147810492,FALSE
474,4/18/12,2,1,4,0,3,1,2,0.463333,0.457038,0.006295,TRUE,0.569167,0.167912,347,4020,4367,0.079459583,FALSE
475,4/19/12,2,1,4,0,4,1,1,0.498333,0.493046,0.005287,TRUE,0.6125,0.0659292,846,5719,6565,0.128865194,FALSE
476,4/20/12,2,1,4,0,5,1,1,0.526667,0.515775,0.010892,TRUE,0.694583,0.149871,1340,5950,7290,0.183813443,FALSE
477,4/21/12,2,1,4,0,6,0,1,0.57,0.542921,0.027079,TRUE,0.682917,0.283587,2541,4083,6624,0.383605072,TRUE
478,4/22/12,2,1,4,0,0,0,3,0.396667,0.389504,0.007163,TRUE,0.835417,0.344546,120,907,1027,0.11684518,FALSE
479,4/23/12,2,1,4,0,1,1,2,0.321667,0.301125,0.020542,TRUE,0.766667,0.303496,195,3019,3214,0.06067206,FALSE
480,4/24/12,2,1,4,0,2,1,1,0.413333,0.405283,0.00805,TRUE,0.454167,0.249383,518,5115,5633,0.091958104,FALSE
481,4/25/12,2,1,4,0,3,1,1,0.476667,0.470317,0.00635,TRUE,0.427917,0.118792,655,5541,6196,0.105713363,FALSE
482,4/26/12,2,1,4,0,4,1,2,0.498333,0.483583,0.01475,TRUE,0.756667,0.176625,475,4551,5026,0.094508556,FALSE
483,4/27/12,2,1,4,0,5,1,1,0.4575,0.452637,0.004863,TRUE,0.400833,0.347633,1014,5219,6233,0.162682496,FALSE
484,4/28/12,2,1,4,0,6,0,2,0.376667,0.377504,-0.000837,FALSE,0.489583,0.129975,1120,3100,4220,0.265402844,FALSE
485,4/29/12,2,1,4,0,0,0,1,0.458333,0.450121,0.008212,TRUE,0.587083,0.116908,2229,4075,6304,0.353585025,TRUE
486,4/30/12,2,1,4,0,1,1,2,0.464167,0.457696,0.006471,TRUE,0.57,0.171638,665,4907,5572,0.119346734,FALSE
487,5/1/12,2,1,5,0,2,1,2,0.613333,0.577021,0.036312,TRUE,0.659583,0.156096,653,5087,5740,0.113763066,FALSE
488,5/2/12,2,1,5,0,3,1,1,0.564167,0.537896,0.026271,TRUE,0.797083,0.138058,667,5502,6169,0.108121251,FALSE
489,5/3/12,2,1,5,0,4,1,2,0.56,0.537242,0.022758,TRUE,0.768333,0.133696,764,5657,6421,0.118984582,FALSE
490,5/4/12,2,1,5,0,5,1,1,0.6275,0.590917,0.036583,TRUE,0.735417,0.162938,1069,5227,6296,0.169790343,FALSE
491,5/5/12,2,1,5,0,6,0,2,0.621667,0.584608,0.037059,TRUE,0.756667,0.152992,2496,4387,6883,0.362632573,TRUE
492,5/6/12,2,1,5,0,0,0,2,0.5625,0.546737,0.015763,TRUE,0.74,0.149879,2135,4224,6359,0.335744614,TRUE
493,5/7/12,2,1,5,0,1,1,2,0.5375,0.527142,0.010358,TRUE,0.664167,0.230721,1008,5265,6273,0.160688666,FALSE
494,5/8/12,2,1,5,0,2,1,2,0.581667,0.557471,0.024196,TRUE,0.685833,0.296029,738,4990,5728,0.128840782,FALSE
495,5/9/12,2,1,5,0,3,1,2,0.575,0.553025,0.021975,TRUE,0.744167,0.216412,620,4097,4717,0.131439474,FALSE
496,5/10/12,2,1,5,0,4,1,1,0.505833,0.491783,0.01405,TRUE,0.552083,0.314063,1026,5546,6572,0.156116859,FALSE
497,5/11/12,2,1,5,0,5,1,1,0.533333,0.520833,0.0125,TRUE,0.360417,0.236937,1319,5711,7030,0.187624467,FALSE
498,5/12/12,2,1,5,0,6,0,1,0.564167,0.544817,0.01935,TRUE,0.480417,0.123133,2622,4807,7429,0.352941176,TRUE
499,5/13/12,2,1,5,0,0,0,1,0.6125,0.585238,0.027262,TRUE,0.57625,0.225117,2172,3946,6118,0.35501798,TRUE
500,5/14/12,2,1,5,0,1,1,2,0.573333,0.5499,0.023433,TRUE,0.789583,0.212692,342,2501,2843,0.120295463,FALSE
501,5/15/12,2,1,5,0,2,1,2,0.611667,0.576404,0.035263,TRUE,0.794583,0.147392,625,4490,5115,0.122189638,FALSE
502,5/16/12,2,1,5,0,3,1,1,0.636667,0.595975,0.040692,TRUE,0.697917,0.122512,991,6433,7424,0.133485991,FALSE
503,5/17/12,2,1,5,0,4,1,1,0.593333,0.572613,0.02072,TRUE,0.52,0.229475,1242,6142,7384,0.168201517,FALSE
504,5/18/12,2,1,5,0,5,1,1,0.564167,0.551121,0.013046,TRUE,0.523333,0.136817,1521,6118,7639,0.199109831,FALSE
505,5/19/12,2,1,5,0,6,0,1,0.6,0.566908,0.033092,TRUE,0.45625,0.083975,3410,4884,8294,0.411140584,TRUE
506,5/20/12,2,1,5,0,0,0,1,0.620833,0.583967,0.036866,TRUE,0.530417,0.254367,2704,4425,7129,0.379295834,TRUE
507,5/21/12,2,1,5,0,1,1,2,0.598333,0.565667,0.032666,TRUE,0.81125,0.233204,630,3729,4359,0.144528562,FALSE
508,5/22/12,2,1,5,0,2,1,2,0.615,0.580825,0.034175,TRUE,0.765833,0.118167,819,5254,6073,0.134859213,FALSE
509,5/23/12,2,1,5,0,3,1,2,0.621667,0.584612,0.037055,TRUE,0.774583,0.102,766,4494,5260,0.145627376,FALSE
510,5/24/12,2,1,5,0,4,1,1,0.655,0.6067,0.0483,TRUE,0.716667,0.172896,1059,5711,6770,0.156425406,FALSE
511,5/25/12,2,1,5,0,5,1,1,0.68,0.627529,0.052471,TRUE,0.747083,0.14055,1417,5317,6734,0.21042471,FALSE
512,5/26/12,2,1,5,0,6,0,1,0.6925,0.642696,0.049804,TRUE,0.7325,0.198992,2855,3681,6536,0.436811506,TRUE
513,5/27/12,2,1,5,0,0,0,1,0.69,0.641425,0.048575,TRUE,0.697083,0.215171,3283,3308,6591,0.498103474,TRUE
514,5/28/12,2,1,5,1,1,0,1,0.7125,0.6793,0.0332,TRUE,0.67625,0.196521,2557,3486,6043,0.423134205,TRUE
515,5/29/12,2,1,5,0,2,1,1,0.7225,0.672992,0.049508,TRUE,0.684583,0.2954,880,4863,5743,0.153230019,FALSE
516,5/30/12,2,1,5,0,3,1,2,0.656667,0.611129,0.045538,TRUE,0.67,0.134329,745,6110,6855,0.108679796,FALSE
517,5/31/12,2,1,5,0,4,1,1,0.68,0.631329,0.048671,TRUE,0.492917,0.195279,1100,6238,7338,0.149904606,FALSE
518,6/1/12,2,1,6,0,5,1,2,0.654167,0.607962,0.046205,TRUE,0.755417,0.237563,533,3594,4127,0.129149503,FALSE
519,6/2/12,2,1,6,0,6,0,1,0.583333,0.566288,0.017045,TRUE,0.549167,0.186562,2795,5325,8120,0.344211823,TRUE
520,6/3/12,2,1,6,0,0,0,1,0.6025,0.575133,0.027367,TRUE,0.493333,0.184087,2494,5147,7641,0.326397068,TRUE
521,6/4/12,2,1,6,0,1,1,1,0.5975,0.578283,0.019217,TRUE,0.487083,0.284833,1071,5927,6998,0.153043727,FALSE
522,6/5/12,2,1,6,0,2,1,2,0.540833,0.525892,0.014941,TRUE,0.613333,0.209575,968,6033,7001,0.138265962,FALSE
523,6/6/12,2,1,6,0,3,1,1,0.554167,0.542292,0.011875,TRUE,0.61125,0.077125,1027,6028,7055,0.145570517,FALSE
524,6/7/12,2,1,6,0,4,1,1,0.6025,0.569442,0.033058,TRUE,0.567083,0.15735,1038,6456,7494,0.138510809,FALSE
525,6/8/12,2,1,6,0,5,1,1,0.649167,0.597862,0.051305,TRUE,0.467917,0.175383,1488,6248,7736,0.192347466,FALSE
526,6/9/12,2,1,6,0,6,0,1,0.710833,0.648367,0.062466,TRUE,0.437083,0.144287,2708,4790,7498,0.361162977,TRUE
527,6/10/12,2,1,6,0,0,0,1,0.726667,0.663517,0.06315,TRUE,0.538333,0.133721,2224,4374,6598,0.33707184,TRUE
528,6/11/12,2,1,6,0,1,1,2,0.720833,0.659721,0.061112,TRUE,0.587917,0.207713,1017,5647,6664,0.152611044,FALSE
529,6/12/12,2,1,6,0,2,1,2,0.653333,0.597875,0.055458,TRUE,0.833333,0.214546,477,4495,4972,0.095937249,FALSE
530,6/13/12,2,1,6,0,3,1,1,0.655833,0.611117,0.044716,TRUE,0.582083,0.343279,1173,6248,7421,0.158064951,FALSE
531,6/14/12,2,1,6,0,4,1,1,0.648333,0.624383,0.02395,TRUE,0.569583,0.253733,1180,6183,7363,0.160260763,FALSE
532,6/15/12,2,1,6,0,5,1,1,0.639167,0.599754,0.039413,TRUE,0.589583,0.176617,1563,6102,7665,0.203913894,FALSE
533,6/16/12,2,1,6,0,6,0,1,0.631667,0.594708,0.036959,TRUE,0.504167,0.166667,2963,4739,7702,0.384705271,TRUE
534,6/17/12,2,1,6,0,0,0,1,0.5925,0.571975,0.020525,TRUE,0.59875,0.144904,2634,4344,6978,0.377472055,TRUE
535,6/18/12,2,1,6,0,1,1,2,0.568333,0.544842,0.023491,TRUE,0.777917,0.174746,653,4446,5099,0.128064326,FALSE
536,6/19/12,2,1,6,0,2,1,1,0.688333,0.654692,0.033641,TRUE,0.69,0.148017,968,5857,6825,0.141831502,FALSE
537,6/20/12,2,1,6,0,3,1,1,0.7825,0.720975,0.061525,TRUE,0.592083,0.113812,872,5339,6211,0.140396071,FALSE
538,6/21/12,3,1,6,0,4,1,1,0.805833,0.752542,0.053291,TRUE,0.567917,0.118787,778,5127,5905,0.131752752,FALSE
539,6/22/12,3,1,6,0,5,1,1,0.7775,0.724121,0.053379,TRUE,0.57375,0.182842,964,4859,5823,0.165550404,FALSE
540,6/23/12,3,1,6,0,6,0,1,0.731667,0.652792,0.078875,TRUE,0.534583,0.179721,2657,4801,7458,0.356261732,TRUE
541,6/24/12,3,1,6,0,0,0,1,0.743333,0.674254,0.069079,TRUE,0.479167,0.145525,2551,4340,6891,0.370193005,TRUE
542,6/25/12,3,1,6,0,1,1,1,0.715833,0.654042,0.061791,TRUE,0.504167,0.300383,1139,5640,6779,0.168018882,FALSE
543,6/26/12,3,1,6,0,2,1,1,0.630833,0.594704,0.036129,TRUE,0.373333,0.347642,1077,6365,7442,0.144719162,FALSE
544,6/27/12,3,1,6,0,3,1,1,0.6975,0.640792,0.056708,TRUE,0.36,0.271775,1077,6258,7335,0.146830266,FALSE
545,6/28/12,3,1,6,0,4,1,1,0.749167,0.675512,0.073655,TRUE,0.4225,0.17165,921,5958,6879,0.133885739,FALSE
546,6/29/12,3,1,6,0,5,1,1,0.834167,0.786613,0.047554,TRUE,0.48875,0.165417,829,4634,5463,0.151748124,FALSE
547,6/30/12,3,1,6,0,6,0,1,0.765,0.687508,0.077492,TRUE,0.60125,0.161071,1455,4232,5687,0.255846668,FALSE
548,7/1/12,3,1,7,0,0,0,1,0.815833,0.750629,0.065204,TRUE,0.51875,0.168529,1421,4110,5531,0.256915567,FALSE
549,7/2/12,3,1,7,0,1,1,1,0.781667,0.702038,0.079629,TRUE,0.447083,0.195267,904,5323,6227,0.145174241,FALSE
550,7/3/12,3,1,7,0,2,1,1,0.780833,0.70265,0.078183,TRUE,0.492083,0.126237,1052,5608,6660,0.157957958,FALSE
551,7/4/12,3,1,7,1,3,0,1,0.789167,0.732337,0.05683,TRUE,0.53875,0.13495,2562,4841,7403,0.346075915,TRUE
552,7/5/12,3,1,7,0,4,1,1,0.8275,0.761367,0.066133,TRUE,0.457917,0.194029,1405,4836,6241,0.225124179,FALSE
553,7/6/12,3,1,7,0,5,1,1,0.828333,0.752533,0.0758,TRUE,0.450833,0.146142,1366,4841,6207,0.22007411,FALSE
554,7/7/12,3,1,7,0,6,0,1,0.861667,0.804913,0.056754,TRUE,0.492083,0.163554,1448,3392,4840,0.299173554,FALSE
555,7/8/12,3,1,7,0,0,0,1,0.8225,0.790396,0.032104,TRUE,0.57375,0.125629,1203,3469,4672,0.257491438,FALSE
556,7/9/12,3,1,7,0,1,1,2,0.710833,0.654054,0.056779,TRUE,0.683333,0.180975,998,5571,6569,0.151925712,FALSE
557,7/10/12,3,1,7,0,2,1,2,0.720833,0.664796,0.056037,TRUE,0.6675,0.151737,954,5336,6290,0.151669316,FALSE
558,7/11/12,3,1,7,0,3,1,1,0.716667,0.650271,0.066396,TRUE,0.633333,0.151733,975,6289,7264,0.134223568,FALSE
559,7/12/12,3,1,7,0,4,1,1,0.715833,0.654683,0.06115,TRUE,0.529583,0.146775,1032,6414,7446,0.138597905,FALSE
560,7/13/12,3,1,7,0,5,1,2,0.731667,0.667933,0.063734,TRUE,0.485833,0.08085,1511,5988,7499,0.201493532,FALSE
561,7/14/12,3,1,7,0,6,0,2,0.703333,0.666042,0.037291,TRUE,0.699167,0.143679,2355,4614,6969,0.337925097,TRUE
562,7/15/12,3,1,7,0,0,0,1,0.745833,0.705196,0.040637,TRUE,0.717917,0.166667,1920,4111,6031,0.318355165,TRUE
563,7/16/12,3,1,7,0,1,1,1,0.763333,0.724125,0.039208,TRUE,0.645,0.164187,1088,5742,6830,0.159297218,FALSE
564,7/17/12,3,1,7,0,2,1,1,0.818333,0.755683,0.06265,TRUE,0.505833,0.114429,921,5865,6786,0.135720601,FALSE
565,7/18/12,3,1,7,0,3,1,1,0.793333,0.745583,0.04775,TRUE,0.577083,0.137442,799,4914,5713,0.139856468,FALSE
566,7/19/12,3,1,7,0,4,1,1,0.77,0.714642,0.055358,TRUE,0.600417,0.165429,888,5703,6591,0.134729176,FALSE
567,7/20/12,3,1,7,0,5,1,2,0.665833,0.613025,0.052808,TRUE,0.844167,0.208967,747,5123,5870,0.12725724,FALSE
568,7/21/12,3,1,7,0,6,0,3,0.595833,0.549912,0.045921,TRUE,0.865417,0.2133,1264,3195,4459,0.28347163,FALSE
569,7/22/12,3,1,7,0,0,0,2,0.6675,0.623125,0.044375,TRUE,0.7625,0.0939208,2544,4866,7410,0.343319838,TRUE
570,7/23/12,3,1,7,0,1,1,1,0.741667,0.690017,0.05165,TRUE,0.694167,0.138683,1135,5831,6966,0.162934252,FALSE
571,7/24/12,3,1,7,0,2,1,1,0.750833,0.70645,0.044383,TRUE,0.655,0.211454,1140,6452,7592,0.150158061,FALSE
572,7/25/12,3,1,7,0,3,1,1,0.724167,0.654054,0.070113,TRUE,0.45,0.1648,1383,6790,8173,0.16921571,FALSE
573,7/26/12,3,1,7,0,4,1,1,0.776667,0.739263,0.037404,TRUE,0.596667,0.284813,1036,5825,6861,0.150998397,FALSE
574,7/27/12,3,1,7,0,5,1,1,0.781667,0.734217,0.04745,TRUE,0.594583,0.152992,1259,5645,6904,0.182358053,FALSE
575,7/28/12,3,1,7,0,6,0,1,0.755833,0.697604,0.058229,TRUE,0.613333,0.15735,2234,4451,6685,0.334181002,TRUE
576,7/29/12,3,1,7,0,0,0,1,0.721667,0.667933,0.053734,TRUE,0.62375,0.170396,2153,4444,6597,0.326360467,TRUE
577,7/30/12,3,1,7,0,1,1,1,0.730833,0.684987,0.045846,TRUE,0.66875,0.153617,1040,6065,7105,0.146375792,FALSE
578,7/31/12,3,1,7,0,2,1,1,0.713333,0.662896,0.050437,TRUE,0.704167,0.165425,968,6248,7216,0.134146341,FALSE
579,8/1/12,3,1,8,0,3,1,1,0.7175,0.667308,0.050192,TRUE,0.6775,0.141179,1074,6506,7580,0.141688654,FALSE
580,8/2/12,3,1,8,0,4,1,1,0.7525,0.707088,0.045412,TRUE,0.659583,0.129354,983,6278,7261,0.135380802,FALSE
581,8/3/12,3,1,8,0,5,1,2,0.765833,0.722867,0.042966,TRUE,0.6425,0.215792,1328,5847,7175,0.185087108,FALSE
582,8/4/12,3,1,8,0,6,0,1,0.793333,0.751267,0.042066,TRUE,0.613333,0.257458,2345,4479,6824,0.343640094,TRUE
583,8/5/12,3,1,8,0,0,0,1,0.769167,0.731079,0.038088,TRUE,0.6525,0.290421,1707,3757,5464,0.312408492,TRUE
584,8/6/12,3,1,8,0,1,1,2,0.7525,0.710246,0.042254,TRUE,0.654167,0.129354,1233,5780,7013,0.175816341,FALSE
585,8/7/12,3,1,8,0,2,1,2,0.735833,0.697621,0.038212,TRUE,0.70375,0.116908,1278,5995,7273,0.175718411,FALSE
586,8/8/12,3,1,8,0,3,1,2,0.75,0.707717,0.042283,TRUE,0.672917,0.1107,1263,6271,7534,0.167640032,FALSE
587,8/9/12,3,1,8,0,4,1,1,0.755833,0.699508,0.056325,TRUE,0.620417,0.1561,1196,6090,7286,0.164150425,FALSE
588,8/10/12,3,1,8,0,5,1,2,0.715833,0.667942,0.047891,TRUE,0.715833,0.238813,1065,4721,5786,0.184064984,FALSE
589,8/11/12,3,1,8,0,6,0,2,0.6925,0.638267,0.054233,TRUE,0.732917,0.206479,2247,4052,6299,0.356723289,TRUE
590,8/12/12,3,1,8,0,0,0,1,0.700833,0.644579,0.056254,TRUE,0.530417,0.122512,2182,4362,6544,0.333435208,TRUE
591,8/13/12,3,1,8,0,1,1,1,0.720833,0.662254,0.058579,TRUE,0.545417,0.136212,1207,5676,6883,0.175359582,FALSE
592,8/14/12,3,1,8,0,2,1,1,0.726667,0.676779,0.049888,TRUE,0.686667,0.169158,1128,5656,6784,0.166273585,FALSE
593,8/15/12,3,1,8,0,3,1,1,0.706667,0.654037,0.05263,TRUE,0.619583,0.169771,1198,6149,7347,0.163059752,FALSE
594,8/16/12,3,1,8,0,4,1,1,0.719167,0.654688,0.064479,TRUE,0.519167,0.141796,1338,6267,7605,0.175936884,FALSE
595,8/17/12,3,1,8,0,5,1,1,0.723333,0.2424,0.480933,TRUE,0.570833,0.231354,1483,5665,7148,0.207470621,FALSE
596,8/18/12,3,1,8,0,6,0,1,0.678333,0.618071,0.060262,TRUE,0.603333,0.177867,2827,5038,7865,0.359440559,TRUE
597,8/19/12,3,1,8,0,0,0,2,0.635833,0.603554,0.032279,TRUE,0.711667,0.08645,1208,3341,4549,0.265552869,FALSE
598,8/20/12,3,1,8,0,1,1,2,0.635833,0.595967,0.039866,TRUE,0.734167,0.129979,1026,5504,6530,0.15712098,FALSE
599,8/21/12,3,1,8,0,2,1,1,0.649167,0.601025,0.048142,TRUE,0.67375,0.0727708,1081,5925,7006,0.154296317,FALSE
600,8/22/12,3,1,8,0,3,1,1,0.6675,0.621854,0.045646,TRUE,0.677083,0.0702833,1094,6281,7375,0.148338983,FALSE
601,8/23/12,3,1,8,0,4,1,1,0.695833,0.637008,0.058825,TRUE,0.635833,0.0845958,1363,6402,7765,0.17553123,FALSE
602,8/24/12,3,1,8,0,5,1,2,0.7025,0.6471,0.0554,TRUE,0.615,0.0721458,1325,6257,7582,0.174756001,FALSE
603,8/25/12,3,1,8,0,6,0,2,0.661667,0.618696,0.042971,TRUE,0.712917,0.244408,1829,4224,6053,0.302164216,TRUE
604,8/26/12,3,1,8,0,0,0,2,0.653333,0.595996,0.057337,TRUE,0.845833,0.228858,1483,3772,5255,0.282207422,FALSE
605,8/27/12,3,1,8,0,1,1,1,0.703333,0.654688,0.048645,TRUE,0.730417,0.128733,989,5928,6917,0.142981061,FALSE
606,8/28/12,3,1,8,0,2,1,1,0.728333,0.66605,0.062283,TRUE,0.62,0.190925,935,6105,7040,0.1328125,FALSE
607,8/29/12,3,1,8,0,3,1,1,0.685,0.635733,0.049267,TRUE,0.552083,0.112562,1177,6520,7697,0.152916721,FALSE
608,8/30/12,3,1,8,0,4,1,1,0.706667,0.652779,0.053888,TRUE,0.590417,0.0771167,1172,6541,7713,0.151951251,FALSE
609,8/31/12,3,1,8,0,5,1,1,0.764167,0.6894,0.074767,TRUE,0.5875,0.168533,1433,5917,7350,0.194965986,FALSE
610,9/1/12,3,1,9,0,6,0,2,0.753333,0.702654,0.050679,TRUE,0.638333,0.113187,2352,3788,6140,0.383061889,TRUE
611,9/2/12,3,1,9,0,0,0,2,0.696667,0.649,0.047667,TRUE,0.815,0.0640708,2613,3197,5810,0.449741824,TRUE
612,9/3/12,3,1,9,1,1,0,1,0.7075,0.661629,0.045871,TRUE,0.790833,0.151121,1965,4069,6034,0.325654624,TRUE
613,9/4/12,3,1,9,0,2,1,1,0.725833,0.686888,0.038945,TRUE,0.755,0.236321,867,5997,6864,0.126311189,FALSE
614,9/5/12,3,1,9,0,3,1,1,0.736667,0.708983,0.027684,TRUE,0.74125,0.187808,832,6280,7112,0.116985377,FALSE
615,9/6/12,3,1,9,0,4,1,2,0.696667,0.655329,0.041338,TRUE,0.810417,0.142421,611,5592,6203,0.098500725,FALSE
616,9/7/12,3,1,9,0,5,1,1,0.703333,0.657204,0.046129,TRUE,0.73625,0.171646,1045,6459,7504,0.139259062,FALSE
617,9/8/12,3,1,9,0,6,0,2,0.659167,0.611121,0.048046,TRUE,0.799167,0.281104,1557,4419,5976,0.260542169,FALSE
618,9/9/12,3,1,9,0,0,0,1,0.61,0.578925,0.031075,TRUE,0.5475,0.224496,2570,5657,8227,0.312386046,TRUE
619,9/10/12,3,1,9,0,1,1,1,0.583333,0.565654,0.017679,TRUE,0.50375,0.258713,1118,6407,7525,0.148571429,FALSE
620,9/11/12,3,1,9,0,2,1,1,0.5775,0.554292,0.023208,TRUE,0.52,0.0920542,1070,6697,7767,0.137762328,FALSE
621,9/12/12,3,1,9,0,3,1,1,0.599167,0.570075,0.029092,TRUE,0.577083,0.131846,1050,6820,7870,0.133418043,FALSE
622,9/13/12,3,1,9,0,4,1,1,0.6125,0.579558,0.032942,TRUE,0.637083,0.0827208,1054,6750,7804,0.135058944,FALSE
623,9/14/12,3,1,9,0,5,1,1,0.633333,0.594083,0.03925,TRUE,0.6725,0.103863,1379,6630,8009,0.172181296,FALSE
624,9/15/12,3,1,9,0,6,0,1,0.608333,0.585867,0.022466,TRUE,0.501667,0.247521,3160,5554,8714,0.36263484,TRUE
625,9/16/12,3,1,9,0,0,0,1,0.58,0.563125,0.016875,TRUE,0.57,0.0901833,2166,5167,7333,0.295377063,FALSE
626,9/17/12,3,1,9,0,1,1,2,0.580833,0.55305,0.027783,TRUE,0.734583,0.151742,1022,5847,6869,0.148784394,FALSE
627,9/18/12,3,1,9,0,2,1,2,0.623333,0.565067,0.058266,TRUE,0.8725,0.357587,371,3702,4073,0.09108765,FALSE
628,9/19/12,3,1,9,0,3,1,1,0.5525,0.540404,0.012096,TRUE,0.536667,0.215175,788,6803,7591,0.10380714,FALSE
629,9/20/12,3,1,9,0,4,1,1,0.546667,0.532192,0.014475,TRUE,0.618333,0.118167,939,6781,7720,0.121632124,FALSE
630,9/21/12,3,1,9,0,5,1,1,0.599167,0.571971,0.027196,TRUE,0.66875,0.154229,1250,6917,8167,0.153054977,FALSE
631,9/22/12,3,1,9,0,6,0,1,0.65,0.610488,0.039512,TRUE,0.646667,0.283583,2512,5883,8395,0.29922573,FALSE
632,9/23/12,4,1,9,0,0,0,1,0.529167,0.518933,0.010234,TRUE,0.467083,0.223258,2454,5453,7907,0.310357911,TRUE
633,9/24/12,4,1,9,0,1,1,1,0.514167,0.502513,0.011654,TRUE,0.492917,0.142404,1001,6435,7436,0.134615385,FALSE
634,9/25/12,4,1,9,0,2,1,1,0.55,0.544179,0.005821,TRUE,0.57,0.236321,845,6693,7538,0.1120987,FALSE
635,9/26/12,4,1,9,0,3,1,1,0.635,0.596613,0.038387,TRUE,0.630833,0.2444,787,6946,7733,0.101771628,FALSE
636,9/27/12,4,1,9,0,4,1,2,0.65,0.607975,0.042025,TRUE,0.690833,0.134342,751,6642,7393,0.101582578,FALSE
637,9/28/12,4,1,9,0,5,1,2,0.619167,0.585863,0.033304,TRUE,0.69,0.164179,1045,6370,7415,0.140930546,FALSE
638,9/29/12,4,1,9,0,6,0,1,0.5425,0.530296,0.012204,TRUE,0.542917,0.227604,2589,5966,8555,0.302630041,TRUE
639,9/30/12,4,1,9,0,0,0,1,0.526667,0.517663,0.009004,TRUE,0.583333,0.134958,2015,4874,6889,0.292495282,FALSE
640,10/1/12,4,1,10,0,1,1,2,0.520833,0.512,0.008833,TRUE,0.649167,0.0908042,763,6015,6778,0.11257008,FALSE
641,10/2/12,4,1,10,0,2,1,3,0.590833,0.542333,0.0485,TRUE,0.871667,0.104475,315,4324,4639,0.067902565,FALSE
642,10/3/12,4,1,10,0,3,1,2,0.6575,0.599133,0.058367,TRUE,0.79375,0.0665458,728,6844,7572,0.096143687,FALSE
643,10/4/12,4,1,10,0,4,1,2,0.6575,0.607975,0.049525,TRUE,0.722917,0.117546,891,6437,7328,0.121588428,FALSE
644,10/5/12,4,1,10,0,5,1,1,0.615,0.580187,0.034813,TRUE,0.6275,0.10635,1516,6640,8156,0.185875429,FALSE
645,10/6/12,4,1,10,0,6,0,1,0.554167,0.538521,0.015646,TRUE,0.664167,0.268025,3031,4934,7965,0.380539862,TRUE
646,10/7/12,4,1,10,0,0,0,2,0.415833,0.419813,-0.00398,FALSE,0.708333,0.141162,781,2729,3510,0.222507123,FALSE
647,10/8/12,4,1,10,1,1,0,2,0.383333,0.387608,-0.004275,FALSE,0.709583,0.189679,874,4604,5478,0.15954728,FALSE
648,10/9/12,4,1,10,0,2,1,2,0.446667,0.438112,0.008555,TRUE,0.761667,0.1903,601,5791,6392,0.09402378,FALSE
649,10/10/12,4,1,10,0,3,1,1,0.514167,0.503142,0.011025,TRUE,0.630833,0.187821,780,6911,7691,0.101417241,FALSE
650,10/11/12,4,1,10,0,4,1,1,0.435,0.431167,0.003833,TRUE,0.463333,0.181596,834,6736,7570,0.110171731,FALSE
651,10/12/12,4,1,10,0,5,1,1,0.4375,0.433071,0.004429,TRUE,0.539167,0.235092,1060,6222,7282,0.145564405,FALSE
652,10/13/12,4,1,10,0,6,0,1,0.393333,0.391396,0.001937,TRUE,0.494583,0.146142,2252,4857,7109,0.316781545,TRUE
653,10/14/12,4,1,10,0,0,0,1,0.521667,0.508204,0.013463,TRUE,0.640417,0.278612,2080,4559,6639,0.313300196,TRUE
654,10/15/12,4,1,10,0,1,1,2,0.561667,0.53915,0.022517,TRUE,0.7075,0.296037,760,5115,5875,0.129361702,FALSE
655,10/16/12,4,1,10,0,2,1,1,0.468333,0.460846,0.007487,TRUE,0.558333,0.182221,922,6612,7534,0.122378551,FALSE
656,10/17/12,4,1,10,0,3,1,1,0.455833,0.450108,0.005725,TRUE,0.692917,0.101371,979,6482,7461,0.131215655,FALSE
657,10/18/12,4,1,10,0,4,1,2,0.5225,0.512625,0.009875,TRUE,0.728333,0.236937,1008,6501,7509,0.134238913,FALSE
658,10/19/12,4,1,10,0,5,1,2,0.563333,0.537896,0.025437,TRUE,0.815,0.134954,753,4671,5424,0.138827434,FALSE
659,10/20/12,4,1,10,0,6,0,1,0.484167,0.472842,0.011325,TRUE,0.572917,0.117537,2806,5284,8090,0.34684796,TRUE
660,10/21/12,4,1,10,0,0,0,1,0.464167,0.456429,0.007738,TRUE,0.51,0.166054,2132,4692,6824,0.312426729,TRUE
661,10/22/12,4,1,10,0,1,1,1,0.4875,0.482942,0.004558,TRUE,0.568333,0.0814833,830,6228,7058,0.117597053,FALSE
662,10/23/12,4,1,10,0,2,1,1,0.544167,0.530304,0.013863,TRUE,0.641667,0.0945458,841,6625,7466,0.112643986,FALSE
663,10/24/12,4,1,10,0,3,1,1,0.5875,0.558721,0.028779,TRUE,0.63625,0.0727792,795,6898,7693,0.103340699,FALSE
664,10/25/12,4,1,10,0,4,1,2,0.55,0.529688,0.020312,TRUE,0.800417,0.124375,875,6484,7359,0.118902025,FALSE
665,10/26/12,4,1,10,0,5,1,2,0.545833,0.52275,0.023083,TRUE,0.807083,0.132467,1182,6262,7444,0.158785599,FALSE
666,10/27/12,4,1,10,0,6,0,2,0.53,0.515133,0.014867,TRUE,0.72,0.235692,2643,5209,7852,0.33660214,TRUE
667,10/28/12,4,1,10,0,0,0,2,0.4775,0.467771,0.009729,TRUE,0.694583,0.398008,998,3461,4459,0.223816999,FALSE
668,10/29/12,4,1,10,0,1,1,3,0.44,0.4394,0.0006,TRUE,0.88,0.3582,2,20,22,0.090909091,FALSE
669,10/30/12,4,1,10,0,2,1,2,0.318182,0.309909,0.008273,TRUE,0.825455,0.213009,87,1009,1096,0.079379562,FALSE
670,10/31/12,4,1,10,0,3,1,2,0.3575,0.3611,-0.0036,FALSE,0.666667,0.166667,419,5147,5566,0.075278476,FALSE
671,11/1/12,4,1,11,0,4,1,2,0.365833,0.369942,-0.004109,FALSE,0.581667,0.157346,466,5520,5986,0.077848313,FALSE
672,11/2/12,4,1,11,0,5,1,1,0.355,0.356042,-0.001042,FALSE,0.522083,0.266175,618,5229,5847,0.105695228,FALSE
673,11/3/12,4,1,11,0,6,0,2,0.343333,0.323846,0.019487,TRUE,0.49125,0.270529,1029,4109,5138,0.20027248,FALSE
674,11/4/12,4,1,11,0,0,0,1,0.325833,0.329538,-0.003705,FALSE,0.532917,0.179108,1201,3906,5107,0.235167417,FALSE
675,11/5/12,4,1,11,0,1,1,1,0.319167,0.308075,0.011092,TRUE,0.494167,0.236325,378,4881,5259,0.071876783,FALSE
676,11/6/12,4,1,11,0,2,1,1,0.280833,0.281567,-0.000734,FALSE,0.567083,0.173513,466,5220,5686,0.081955681,FALSE
677,11/7/12,4,1,11,0,3,1,2,0.295833,0.274621,0.021212,TRUE,0.5475,0.304108,326,4709,5035,0.064746773,FALSE
678,11/8/12,4,1,11,0,4,1,1,0.352174,0.341891,0.010283,TRUE,0.333478,0.347835,340,4975,5315,0.063969897,FALSE
679,11/9/12,4,1,11,0,5,1,1,0.361667,0.355413,0.006254,TRUE,0.540833,0.214558,709,5283,5992,0.118324433,FALSE
680,11/10/12,4,1,11,0,6,0,1,0.389167,0.393937,-0.00477,FALSE,0.645417,0.0578458,2090,4446,6536,0.319767442,TRUE
681,11/11/12,4,1,11,0,0,0,1,0.420833,0.421713,-0.00088,FALSE,0.659167,0.1275,2290,4562,6852,0.33420899,TRUE
682,11/12/12,4,1,11,1,1,0,1,0.485,0.475383,0.009617,TRUE,0.741667,0.173517,1097,5172,6269,0.174988036,FALSE
683,11/13/12,4,1,11,0,2,1,2,0.343333,0.323225,0.020108,TRUE,0.662917,0.342046,327,3767,4094,0.079872985,FALSE
684,11/14/12,4,1,11,0,3,1,1,0.289167,0.281563,0.007604,TRUE,0.552083,0.199625,373,5122,5495,0.067879891,FALSE
685,11/15/12,4,1,11,0,4,1,2,0.321667,0.324492,-0.002825,FALSE,0.620417,0.152987,320,5125,5445,0.058769513,FALSE
686,11/16/12,4,1,11,0,5,1,1,0.345,0.347204,-0.002204,FALSE,0.524583,0.171025,484,5214,5698,0.084942085,FALSE
687,11/17/12,4,1,11,0,6,0,1,0.325,0.326383,-0.001383,FALSE,0.545417,0.179729,1313,4316,5629,0.233256351,FALSE
688,11/18/12,4,1,11,0,0,0,1,0.3425,0.337746,0.004754,TRUE,0.692917,0.227612,922,3747,4669,0.197472692,FALSE
689,11/19/12,4,1,11,0,1,1,2,0.380833,0.375621,0.005212,TRUE,0.623333,0.235067,449,5050,5499,0.081651209,FALSE
690,11/20/12,4,1,11,0,2,1,2,0.374167,0.380667,-0.0065,FALSE,0.685,0.082725,534,5100,5634,0.094781683,FALSE
691,11/21/12,4,1,11,0,3,1,1,0.353333,0.364892,-0.011559,FALSE,0.61375,0.103246,615,4531,5146,0.119510299,FALSE
692,11/22/12,4,1,11,1,4,0,1,0.34,0.350371,-0.010371,FALSE,0.580417,0.0528708,955,1470,2425,0.393814433,TRUE
693,11/23/12,4,1,11,0,5,1,1,0.368333,0.378779,-0.010446,FALSE,0.56875,0.148021,1603,2307,3910,0.409974425,TRUE
694,11/24/12,4,1,11,0,6,0,1,0.278333,0.248742,0.029591,TRUE,0.404583,0.376871,532,1745,2277,0.233640755,FALSE
695,11/25/12,4,1,11,0,0,0,1,0.245833,0.257583,-0.01175,FALSE,0.468333,0.1505,309,2115,2424,0.127475248,FALSE
696,11/26/12,4,1,11,0,1,1,1,0.313333,0.339004,-0.025671,FALSE,0.535417,0.04665,337,4750,5087,0.066247297,FALSE
697,11/27/12,4,1,11,0,2,1,2,0.291667,0.281558,0.010109,TRUE,0.786667,0.237562,123,3836,3959,0.031068452,FALSE
698,11/28/12,4,1,11,0,3,1,1,0.296667,0.289762,0.006905,TRUE,0.50625,0.210821,198,5062,5260,0.037642586,FALSE
699,11/29/12,4,1,11,0,4,1,1,0.28087,0.298422,-0.017552,FALSE,0.555652,0.115522,243,5080,5323,0.045650949,FALSE
700,11/30/12,4,1,11,0,5,1,1,0.298333,0.323867,-0.025534,FALSE,0.649583,0.0584708,362,5306,5668,0.063867325,FALSE
701,12/1/12,4,1,12,0,6,0,2,0.298333,0.316904,-0.018571,FALSE,0.806667,0.0597042,951,4240,5191,0.183201695,FALSE
702,12/2/12,4,1,12,0,0,0,2,0.3475,0.359208,-0.011708,FALSE,0.823333,0.124379,892,3757,4649,0.191869219,FALSE
703,12/3/12,4,1,12,0,1,1,1,0.4525,0.455796,-0.003296,FALSE,0.7675,0.0827208,555,5679,6234,0.089027911,FALSE
704,12/4/12,4,1,12,0,2,1,1,0.475833,0.469054,0.006779,TRUE,0.73375,0.174129,551,6055,6606,0.083409022,FALSE
705,12/5/12,4,1,12,0,3,1,1,0.438333,0.428012,0.010321,TRUE,0.485,0.324021,331,5398,5729,0.057776226,FALSE
706,12/6/12,4,1,12,0,4,1,1,0.255833,0.258204,-0.002371,FALSE,0.50875,0.174754,340,5035,5375,0.063255814,FALSE
707,12/7/12,4,1,12,0,5,1,2,0.320833,0.321958,-0.001125,FALSE,0.764167,0.1306,349,4659,5008,0.069688498,FALSE
708,12/8/12,4,1,12,0,6,0,2,0.381667,0.389508,-0.007841,FALSE,0.91125,0.101379,1153,4429,5582,0.20655679,FALSE
709,12/9/12,4,1,12,0,0,0,2,0.384167,0.390146,-0.005979,FALSE,0.905417,0.157975,441,2787,3228,0.1366171,FALSE
710,12/10/12,4,1,12,0,1,1,2,0.435833,0.435575,0.000258,TRUE,0.925,0.190308,329,4841,5170,0.063636364,FALSE
711,12/11/12,4,1,12,0,2,1,2,0.353333,0.338363,0.01497,TRUE,0.596667,0.296037,282,5219,5501,0.051263407,FALSE
712,12/12/12,4,1,12,0,3,1,2,0.2975,0.297338,0.000162,TRUE,0.538333,0.162937,310,5009,5319,0.058281632,FALSE
713,12/13/12,4,1,12,0,4,1,1,0.295833,0.294188,0.001645,TRUE,0.485833,0.174129,425,5107,5532,0.076825741,FALSE
714,12/14/12,4,1,12,0,5,1,1,0.281667,0.294192,-0.012525,FALSE,0.642917,0.131229,429,5182,5611,0.07645696,FALSE
715,12/15/12,4,1,12,0,6,0,1,0.324167,0.338383,-0.014216,FALSE,0.650417,0.10635,767,4280,5047,0.151971468,FALSE
716,12/16/12,4,1,12,0,0,0,2,0.3625,0.369938,-0.007438,FALSE,0.83875,0.100742,538,3248,3786,0.142102483,FALSE
717,12/17/12,4,1,12,0,1,1,2,0.393333,0.4015,-0.008167,FALSE,0.907083,0.0982583,212,4373,4585,0.046237732,FALSE
718,12/18/12,4,1,12,0,2,1,1,0.410833,0.409708,0.001125,TRUE,0.66625,0.221404,433,5124,5557,0.077919741,FALSE
719,12/19/12,4,1,12,0,3,1,1,0.3325,0.342162,-0.009662,FALSE,0.625417,0.184092,333,4934,5267,0.063223847,FALSE
720,12/20/12,4,1,12,0,4,1,2,0.33,0.335217,-0.005217,FALSE,0.667917,0.132463,314,3814,4128,0.076065891,FALSE
721,12/21/12,1,1,12,0,5,1,2,0.326667,0.301767,0.0249,TRUE,0.556667,0.374383,221,3402,3623,0.060999172,FALSE
722,12/22/12,1,1,12,0,6,0,1,0.265833,0.236113,0.02972,TRUE,0.44125,0.407346,205,1544,1749,0.117209834,FALSE
723,12/23/12,1,1,12,0,0,0,1,0.245833,0.259471,-0.013638,FALSE,0.515417,0.133083,408,1379,1787,0.228315613,FALSE
724,12/24/12,1,1,12,0,1,1,2,0.231304,0.2589,-0.027596,FALSE,0.791304,0.0772304,174,746,920,0.189130435,FALSE
725,12/25/12,1,1,12,1,2,0,2,0.291304,0.294465,-0.003161,FALSE,0.734783,0.168726,440,573,1013,0.434353406,TRUE
726,12/26/12,1,1,12,0,3,1,3,0.243333,0.220333,0.023,TRUE,0.823333,0.316546,9,432,441,0.020408163,FALSE
727,12/27/12,1,1,12,0,4,1,2,0.254167,0.226642,0.027525,TRUE,0.652917,0.350133,247,1867,2114,0.116840114,FALSE
728,12/28/12,1,1,12,0,5,1,2,0.253333,0.255046,-0.001713,FALSE,0.59,0.155471,644,2451,3095,0.208077544,FALSE
729,12/29/12,1,1,12,0,6,0,2,0.253333,0.2424,0.010933,TRUE,0.752917,0.124383,159,1182,1341,0.118568233,FALSE
730,12/30/12,1,1,12,0,0,0,1,0.255833,0.2317,0.024133,TRUE,0.483333,0.350754,364,1432,1796,0.202672606,FALSE
731,12/31/12,1,1,12,0,1,1,2,0.215833,0.223487,-0.007654,FALSE,0.5775,0.154846,439,2290,2729,0.160864786,FALSE